date,day_of_week,day_of_month,month,quarter,is_weekend,is_month_end,is_quarter_end,daily_sales,orders_count,opening_cash,direct_cash_sales,receivables_collected,total_inflow,vendor_outflow,opex_outflow,payroll_outflow,rent_outflow,total_outflow,net_cash_flow,closing_cash,pending_ar,pending_ap
2023-01-01,6,1,1,1,1,0,0,22300.77,3,500000.0,6690.23,51887.2,58577.43,14151.2,1468.06,189359.67,0.0,204978.93,-146401.5,353598.5,363723.35,248168.74
2023-01-02,0,2,1,1,0,0,0,92331.23,10,353598.5,27699.37,43894.14,71593.51,9193.72,11729.19,56648.85,0.0,77571.77,-5978.26,347620.24,384461.06,289077.41
2023-01-03,1,3,1,1,0,0,0,42886.85,4,347620.24,12866.06,31391.98,44258.04,16332.22,6887.51,0.0,0.0,23219.72,21038.32,368658.56,383089.88,303968.52
2023-01-04,2,4,1,1,0,0,0,73956.37,5,368658.56,22186.91,31713.25,53900.16,14942.56,7104.63,0.0,0.0,22047.19,31852.97,400511.53,403146.09,319683.72
2023-01-05,3,5,1,1,0,0,0,44176.43,5,400511.53,13252.93,42066.12,55319.05,11608.4,8467.9,0.0,62557.86,82634.16,-27315.11,373196.42,392003.47,352770.7
2023-01-06,4,6,1,1,0,0,0,98306.98,8,373196.42,29492.09,36231.97,65724.07,17192.87,3879.05,0.0,0.0,21071.92,44652.14,417848.56,424586.38,390370.41
2023-01-07,5,7,1,1,1,0,0,23973.89,2,417848.56,7192.17,19809.28,27001.44,12560.32,3727.96,0.0,0.0,16288.29,10713.16,428561.72,421558.83,387761.85
2023-01-08,6,8,1,1,1,0,0,29644.32,2,428561.72,8893.3,23207.31,32100.6,20641.68,1554.56,0.0,0.0,22196.25,9904.36,438466.08,419102.54,377320.85
2023-01-09,0,9,1,1,0,0,0,85753.35,11,438466.08,25726.0,37170.88,62896.88,23515.68,11296.87,0.0,0.0,34812.55,28084.33,466550.41,441959.01,412638.34
2023-01-10,1,10,1,1,0,0,0,43909.76,3,466550.41,13172.93,19762.98,32935.91,36470.72,5442.14,0.0,0.0,41912.86,-8976.95,457573.46,452932.86,408376.82
2023-01-11,2,11,1,1,0,0,0,55525.43,7,457573.46,16657.63,25198.58,41856.21,28913.92,10219.77,0.0,0.0,39133.69,2722.52,460295.97,466602.08,421833.94
2023-01-12,3,12,1,1,0,0,0,101052.58,8,460295.97,30315.77,38091.84,68407.62,24376.86,10339.15,0.0,0.0,34716.01,33691.6,493987.58,499247.05,423747.04
2023-01-13,4,13,1,1,0,0,0,82420.77,6,493987.58,24726.23,39459.76,64185.99,19695.6,4042.82,0.0,0.0,23738.42,40447.57,534435.15,517481.82,424513.02
2023-01-14,5,14,1,1,1,0,0,28644.1,2,534435.15,8593.23,28616.05,37209.28,18255.2,1975.55,0.0,0.0,20230.75,16978.53,551413.67,508916.64,411893.4
2023-01-15,6,15,1,1,1,0,0,29007.72,2,551413.67,8702.31,63920.29,72622.61,14665.38,3139.73,0.0,0.0,17805.11,54817.5,606231.17,465301.75,406950.18
2023-01-16,0,16,1,1,0,0,0,70302.28,9,606231.17,21090.68,58315.92,79406.6,22758.25,6847.87,0.0,0.0,29606.12,49800.48,656031.65,456197.43,424276.87
2023-01-17,1,17,1,1,0,0,0,37545.16,2,656031.65,11263.55,31849.15,43112.7,20053.7,7577.14,0.0,0.0,27630.84,15481.86,671513.51,450629.89,450975.35
2023-01-18,2,18,1,1,0,0,0,47761.36,5,671513.51,14328.41,43693.69,58022.1,19705.06,3692.82,0.0,0.0,23397.88,34624.22,706137.73,440369.15,483592.31
2023-01-19,3,19,1,1,0,0,0,41398.24,3,706137.73,12419.47,57964.77,70384.24,29791.43,10843.15,0.0,0.0,40634.58,29749.67,735887.4,411383.14,508580.5
2023-01-20,4,20,1,1,0,0,0,43229.69,4,735887.4,12968.91,53493.58,66462.49,34313.19,11064.82,0.0,0.0,45378.02,21084.47,756971.87,388150.34,516481.56
2023-01-21,5,21,1,1,1,0,0,15556.32,2,756971.87,4666.9,19599.8,24266.7,32975.52,3582.19,0.0,0.0,36557.71,-12291.01,744680.85,379439.97,492777.12
2023-01-22,6,22,1,1,1,0,0,25774.06,1,744680.85,7732.22,22535.8,30268.02,17397.24,2012.85,0.0,0.0,19410.09,10857.93,755538.79,374946.01,482600.95
2023-01-23,0,23,1,1,0,0,0,53101.41,3,755538.79,15930.42,25036.78,40967.2,23718.84,11746.04,0.0,0.0,35464.88,5502.32,761041.1,387080.22,508748.25
2023-01-24,1,24,1,1,0,0,0,47941.27,4,761041.1,14382.38,25192.05,39574.43,40220.76,3331.98,0.0,0.0,43552.75,-3978.31,757062.79,395447.06,499593.54
2023-01-25,2,25,1,1,0,0,0,66068.56,8,757062.79,19820.57,18577.32,38397.89,63234.09,5156.06,0.0,0.0,68390.14,-29992.26,727070.53,423117.73,466386.18
2023-01-26,3,26,1,1,0,0,0,65112.96,7,727070.53,19533.89,37226.72,56760.61,50654.42,9854.58,0.0,0.0,60509.0,-3748.39,723322.14,431470.08,444047.84
2023-01-27,4,27,1,1,0,0,0,82363.63,10,723322.14,24709.09,26760.66,51469.75,27150.84,7821.97,0.0,0.0,34972.81,16496.94,739819.08,462363.97,463457.3
2023-01-28,5,28,1,1,1,0,0,34050.21,2,739819.08,10215.06,25686.48,35901.55,14876.77,2772.68,0.0,0.0,17649.45,18252.1,758071.17,460512.63,455445.71
2023-01-29,6,29,1,1,1,0,0,13172.99,1,758071.17,3951.9,28411.24,32363.14,25822.45,1523.1,0.0,0.0,27345.55,5017.59,763088.76,441322.48,436888.21
2023-01-30,0,30,1,1,0,0,0,57691.63,4,763088.76,17307.49,37317.43,54624.92,20089.47,4021.26,0.0,0.0,24110.73,30514.18,793602.94,444389.19,440227.85
2023-01-31,1,31,1,1,0,1,0,93137.77,8,793602.94,27941.33,25641.16,53582.49,30597.32,7996.81,0.0,0.0,38594.13,14988.36,808591.3,483944.47,457484.78
2023-02-01,2,1,2,1,0,0,0,47223.83,5,808591.3,14167.15,36168.67,50335.81,34092.99,8697.91,200341.79,0.0,243132.69,-192796.88,615794.42,480832.49,482336.63
2023-02-02,3,2,2,1,0,0,0,82200.3,10,615794.42,24660.09,65366.55,90026.64,33094.75,8778.28,41682.8,0.0,83555.84,6470.8,622265.23,473006.15,507713.16
2023-02-03,4,3,2,1,0,0,0,94670.54,13,622265.23,28401.16,55443.7,83844.87,17885.78,8971.52,0.0,0.0,26857.29,56987.57,679252.8,483831.82,507257.35
2023-02-04,5,4,2,1,1,0,0,16850.61,1,679252.8,5055.18,49126.06,54181.24,29114.6,1672.81,0.0,0.0,30787.41,23393.83,702646.63,446501.18,490061.7
2023-02-05,6,5,2,1,1,0,0,18799.85,1,702646.63,5639.96,38991.02,44630.97,28134.11,3547.67,0.0,69864.19,101545.97,-56915.0,645731.63,420670.06,474392.5
2023-02-06,0,6,2,1,0,0,0,36518.0,3,645731.63,10955.4,24412.78,35368.18,20030.51,11757.09,0.0,0.0,31787.6,3580.57,649312.2,421819.89,483760.2
2023-02-07,1,7,2,1,0,0,0,94200.36,9,649312.2,28260.11,31824.18,60084.29,26952.62,8192.13,0.0,0.0,35144.76,24939.53,674251.73,455935.96,510965.01
2023-02-08,2,8,2,1,0,0,0,43856.31,5,674251.73,13156.89,33528.25,46685.14,16759.02,8809.25,0.0,0.0,25568.27,21116.87,695368.6,453107.13,524332.1
2023-02-09,3,9,2,1,0,0,0,97698.13,7,695368.6,29309.44,40758.62,70068.06,26171.48,3139.11,0.0,0.0,29310.59,40757.48,736126.07,480737.2,557930.53
2023-02-10,4,10,2,1,0,0,0,60686.3,6,736126.07,18205.89,41159.54,59365.43,71556.01,5650.04,0.0,0.0,77206.05,-17840.62,718285.46,482058.08,548423.76
2023-02-11,5,11,2,1,1,0,0,34453.99,2,718285.46,10336.2,26663.77,36999.96,52230.95,3808.46,0.0,0.0,56039.41,-19039.45,699246.01,479512.1,502887.74
2023-02-12,6,12,2,1,1,0,0,27286.56,2,699246.01,8185.97,21882.65,30068.61,64400.65,1420.25,0.0,0.0,65820.9,-35752.29,663493.72,476730.05,449637.16
2023-02-13,0,13,2,1,0,0,0,93140.2,10,663493.72,27942.06,37734.86,65676.92,29004.52,6235.42,0.0,0.0,35239.94,30436.99,693930.71,504193.33,470218.13
2023-02-14,1,14,2,1,0,0,0,88226.34,8,693930.71,26467.9,40977.48,67445.38,35111.26,7602.08,0.0,0.0,42713.34,24732.04,718662.75,524974.29,492642.5
2023-02-15,2,15,2,1,0,0,0,87426.83,9,718662.75,26228.05,61898.52,88126.57,33541.19,11010.05,0.0,0.0,44551.24,43575.33,762238.07,524274.55,508918.26
2023-02-16,3,16,2,1,0,0,0,56885.87,5,762238.07,17065.76,39495.0,56560.76,17383.56,7190.38,0.0,0.0,24573.94,31986.82,794224.89,524599.66,535569.29
2023-02-17,4,17,2,1,0,0,0,50452.61,5,794224.89,15135.78,57006.96,72142.74,17447.48,10403.41,0.0,0.0,27850.89,44291.85,838516.74,502909.52,536547.7
2023-02-18,5,18,2,1,1,0,0,15990.04,2,838516.74,4797.01,50085.71,54882.72,21219.0,2868.67,0.0,0.0,24087.67,30795.05,869311.79,464016.85,528028.64
2023-02-19,6,19,2,1,1,0,0,14067.88,1,869311.79,4220.37,46441.88,50662.25,29881.63,3178.27,0.0,0.0,33059.91,17602.34,886914.13,427422.48,508553.35
2023-02-20,0,20,2,1,0,0,0,67052.7,8,886914.13,20115.81,40163.64,60279.45,22978.05,6950.74,0.0,0.0,29928.79,30350.65,917264.79,434195.74,539750.26
2023-02-21,1,21,2,1,0,0,0,31581.59,3,917264.79,9474.48,35822.48,45296.96,34462.33,6680.58,0.0,0.0,41142.9,4154.06,921418.85,420480.37,561370.0
2023-02-22,2,22,2,1,0,0,0,41052.58,4,921418.85,12315.77,22465.22,34781.0,35387.35,8941.78,0.0,0.0,44329.13,-9548.13,911870.71,426751.95,568659.0
2023-02-23,3,23,2,1,0,0,0,98739.02,11,911870.71,29621.7,34470.79,64092.49,33311.78,6776.4,0.0,0.0,40088.18,24004.31,935875.03,461398.47,578263.27
2023-02-24,4,24,2,1,0,0,0,55469.03,7,935875.03,16640.71,35172.87,51813.58,37160.93,3414.02,0.0,0.0,40574.95,11238.62,947113.65,465053.92,558775.24
2023-02-25,5,25,2,1,1,0,0,34564.24,3,947113.65,10369.27,33340.51,43709.78,34704.58,2474.85,0.0,0.0,37179.43,6530.35,953644.0,455908.39,533812.39
2023-02-26,6,26,2,1,1,0,0,17166.65,2,953644.0,5149.99,26837.4,31987.4,53379.36,2905.28,0.0,0.0,56284.64,-24297.24,929346.76,441087.64,489418.09
2023-02-27,0,27,2,1,0,0,0,56815.76,6,929346.76,17044.73,31272.35,48317.08,34053.71,8928.24,0.0,0.0,42981.95,5335.13,934681.89,449586.32,495886.0
2023-02-28,1,28,2,1,0,1,0,34848.59,3,934681.89,10454.58,31138.98,41593.55,27470.25,11462.07,0.0,0.0,38932.32,2661.24,937343.13,442841.35,486655.15
2023-03-01,2,1,3,1,0,0,0,71394.17,5,937343.13,21418.25,51829.81,73248.06,27680.56,11473.18,203166.16,0.0,242319.9,-169071.83,768271.29,440987.46,506438.7
2023-03-02,3,2,3,1,0,0,0,117552.54,9,768271.29,35265.76,40046.51,75312.27,18085.65,3164.0,41888.86,0.0,63138.5,12173.77,780445.06,483227.73,513358.67
2023-03-03,4,3,3,1,0,0,0,43103.59,4,780445.06,12931.08,43338.39,56269.47,18037.35,10330.22,0.0,0.0,28367.56,27901.91,808346.97,470061.85,565112.87
2023-03-04,5,4,3,1,1,0,0,19472.19,1,808346.97,5841.66,52524.73,58366.38,37523.14,3205.21,0.0,0.0,40728.36,17638.03,825984.99,431167.66,538879.16
2023-03-05,6,5,3,1,1,0,0,24634.09,2,825984.99,7390.23,33790.56,41180.78,34336.63,3971.52,0.0,66189.27,104497.41,-63316.63,762668.37,414620.96,517048.67
2023-03-06,0,6,3,1,0,0,0,106044.86,8,762668.37,31813.46,26218.2,58031.66,38074.34,6860.95,0.0,0.0,44935.29,13096.37,775764.73,462634.16,553725.57
2023-03-07,1,7,3,1,0,0,0,104092.95,11,775764.73,31227.89,23628.88,54856.76,31474.1,10438.12,0.0,0.0,41912.21,12944.55,788709.28,511870.35,595373.9
2023-03-08,2,8,3,1,0,0,0,116675.45,12,788709.28,35002.63,32982.05,67984.68,40854.81,3821.58,0.0,0.0,44676.39,23308.29,812017.57,560561.12,576144.96
2023-03-09,3,9,3,1,0,0,0,121543.03,13,812017.57,36462.91,50375.7,86838.61,34836.72,7036.01,0.0,0.0,41872.73,44965.87,856983.44,595265.54,595424.28
2023-03-10,4,10,3,1,0,0,0,66083.31,8,856983.44,19824.99,42918.42,62743.41,73241.84,10106.56,0.0,0.0,83348.4,-20604.99,836378.45,598605.44,586632.07
2023-03-11,5,11,3,1,1,0,0,31324.24,3,836378.45,9397.27,26249.98,35647.25,51227.67,3663.11,0.0,0.0,54890.79,-19243.53,817134.92,594282.43,545899.68
2023-03-12,6,12,3,1,1,0,0,19437.61,2,817134.92,5831.28,27792.47,33623.75,55020.24,1303.37,0.0,0.0,56323.61,-22699.85,794435.06,580096.28,503494.55
2023-03-13,0,13,3,1,0,0,0,99311.49,13,794435.06,29793.45,27875.29,57668.74,33316.32,3732.14,0.0,0.0,37048.45,20620.28,815055.35,621739.04,538640.65
2023-03-14,1,14,3,1,0,0,0,124807.58,8,815055.35,37442.27,38980.06,76422.33,36322.29,11525.24,0.0,0.0,47847.53,28574.8,843630.15,670124.29,544722.94
2023-03-15,2,15,3,1,0,0,0,103989.0,10,843630.15,31196.7,65436.55,96633.25,34852.25,8025.64,0.0,0.0,42877.89,53755.36,897385.52,677480.05,535692.86
2023-03-16,3,16,3,1,0,0,0,117642.13,15,897385.52,35292.64,54036.52,89329.16,17820.0,7217.95,0.0,0.0,25037.94,64291.22,961676.73,705793.01,567321.96
2023-03-17,4,17,3,1,0,0,0,47354.5,3,961676.73,14206.35,52850.31,67056.66,37449.82,8250.32,0.0,0.0,45700.14,21356.52,983033.25,686090.85,588364.03
2023-03-18,5,18,3,1,1,0,0,27558.42,3,983033.25,8267.53,58042.74,66310.27,23446.14,3889.67,0.0,0.0,27335.8,38974.46,1022007.72,647339.0,578603.89
2023-03-19,6,19,3,1,1,0,0,46301.18,6,1022007.72,13890.35,45381.62,59271.97,30282.3,3978.89,0.0,0.0,34261.19,25010.78,1047018.5,634368.21,562233.02
2023-03-20,0,20,3,1,0,0,0,86181.49,8,1047018.5,25854.45,87556.17,113410.62,33847.24,9261.74,0.0,0.0,43108.98,70301.64,1117320.14,607139.09,579594.68
2023-03-21,1,21,3,1,0,0,0,92759.56,6,1117320.14,27827.87,42590.85,70418.72,20765.5,5528.67,0.0,0.0,26294.16,44124.56,1161444.69,629479.93,631871.06
2023-03-22,2,22,3,1,0,0,0,116206.04,11,1161444.69,34861.81,41388.64,76250.45,28301.63,4693.09,0.0,0.0,32994.72,43255.73,1204700.43,669435.52,660382.09
2023-03-23,3,23,3,1,0,0,0,68286.69,5,1204700.43,20486.01,45434.22,65920.23,47308.51,11875.9,0.0,0.0,59184.41,6735.81,1211436.24,671801.98,638562.75
2023-03-24,4,24,3,1,0,0,0,84596.6,6,1211436.24,25378.98,38291.61,63670.59,72988.04,4463.55,0.0,0.0,77451.6,-13781.0,1197655.24,692727.99,633571.37
2023-03-25,5,25,3,1,1,0,0,41659.92,3,1197655.24,12497.98,56301.64,68799.61,63398.34,2254.73,0.0,0.0,65653.07,3146.55,1200801.79,665588.3,582430.23
2023-03-26,6,26,3,1,1,0,0,43031.01,3,1200801.79,12909.3,29086.76,41996.07,47665.13,3431.66,0.0,0.0,51096.79,-9100.72,1191701.07,666623.24,540028.77
2023-03-27,0,27,3,1,0,0,0,50174.71,3,1191701.07,15052.41,44746.96,59799.38,40110.14,10579.07,0.0,0.0,50689.21,9110.17,1200811.24,656998.57,542915.08
2023-03-28,1,28,3,1,0,0,0,78580.86,6,1200811.24,23574.26,40294.35,63868.61,18698.37,10782.5,0.0,0.0,29480.88,34387.74,1235198.97,671710.82,561005.96
2023-03-29,2,29,3,1,0,0,0,125974.8,9,1235198.97,37792.44,60689.23,98481.67,37311.32,11502.89,0.0,0.0,48814.21,49667.46,1284866.43,699203.96,576770.82
2023-03-30,3,30,3,1,0,0,0,58825.82,6,1284866.43,17647.75,42958.27,60606.02,41253.7,8455.57,0.0,0.0,49709.27,10896.75,1295763.18,697423.76,563976.08
2023-03-31,4,31,3,1,0,1,1,96699.29,9,1295763.18,29009.79,49522.05,78531.84,20920.89,9044.16,0.0,0.0,29965.05,48566.79,1344329.97,715591.2,584739.09
2023-04-01,5,1,4,2,1,0,0,40078.03,4,1344329.97,12023.41,72349.65,84373.06,31155.2,2682.81,232599.22,0.0,266437.23,-182064.17,1162265.8,671296.18,567105.7
2023-04-02,6,2,4,2,1,0,0,19971.48,2,1162265.8,5991.44,45120.02,51111.46,31772.39,3112.24,44259.28,0.0,79143.91,-28032.44,1134233.35,640156.19,547884.69
2023-04-03,0,3,4,2,0,0,0,38048.11,2,1134233.35,11414.43,57635.72,69050.15,27548.75,6937.27,0.0,0.0,34486.03,34564.12,1168797.47,609154.15,575403.69
2023-04-04,1,4,4,2,0,0,0,67831.8,5,1168797.47,20349.54,63625.0,83974.54,29427.61,8598.78,0.0,0.0,38026.39,45948.15,1214745.63,593011.41,612232.04
2023-04-05,2,5,4,2,0,0,0,121494.72,8,1214745.63,36448.41,49778.05,86226.46,34120.56,5324.2,0.0,66887.04,106331.8,-20105.33,1194640.29,628279.66,652621.91
2023-04-06,3,6,4,2,0,0,0,80716.16,10,1194640.29,24214.85,36396.15,60611.0,28128.09,3682.77,0.0,0.0,31810.86,28800.14,1223440.44,648384.83,682072.72
2023-04-07,4,7,4,2,0,0,0,48178.09,5,1223440.44,14453.43,31428.95,45882.38,39561.48,4636.92,0.0,0.0,44198.41,1683.97,1225124.41,650680.54,671528.51
2023-04-08,5,8,4,2,1,0,0,43998.83,6,1225124.41,13199.65,40179.0,53378.65,25205.31,1576.87,0.0,0.0,26782.18,26596.47,1251720.88,641300.73,657998.78
2023-04-09,6,9,4,2,1,0,0,21071.45,2,1251720.88,6321.44,33552.81,39874.24,22301.73,1361.91,0.0,0.0,23663.64,16210.6,1267931.48,622497.94,642467.15
2023-04-10,0,10,4,2,0,0,0,55165.28,4,1267931.48,16549.59,36077.5,52627.08,71822.18,3353.81,0.0,0.0,75175.99,-22548.91,1245382.57,625036.14,620717.31
2023-04-11,1,11,4,2,0,0,0,92790.11,10,1245382.57,27837.03,29856.08,57693.12,83269.57,3549.7,0.0,0.0,86819.28,-29126.16,1216256.41,660133.13,608896.9
2023-04-12,2,12,4,2,0,0,0,108703.46,10,1216256.41,32611.04,51484.54,84095.58,44245.01,6334.25,0.0,0.0,50579.26,33516.32,1249772.73,684741.02,596307.98
2023-04-13,3,13,4,2,0,0,0,91929.24,10,1249772.73,27578.77,41017.66,68596.43,38576.01,3330.15,0.0,0.0,41906.16,26690.27,1276463.0,708073.83,605443.35
2023-04-14,4,14,4,2,0,0,0,100416.45,9,1276463.0,30124.94,59006.53,89131.47,33642.28,3964.55,0.0,0.0,37606.83,51524.64,1327987.64,719358.81,622350.44
2023-04-15,5,15,4,2,1,0,0,32527.44,3,1327987.64,9758.23,59012.62,68770.85,28409.49,1060.21,0.0,0.0,29469.71,39301.14,1367288.78,683115.4,601633.37
2023-04-16,6,16,4,2,1,0,0,22410.61,1,1367288.78,6723.18,59370.17,66093.35,39886.53,2780.78,0.0,0.0,42667.31,23426.04,1390714.83,639432.66,567944.46
2023-04-17,0,17,4,2,0,0,0,107183.53,8,1390714.83,32155.06,68517.04,100672.1,30579.8,8281.57,0.0,0.0,38861.37,61810.72,1452525.55,645944.09,563384.31
2023-04-18,1,18,4,2,0,0,0,75275.61,6,1452525.55,22582.68,50417.24,72999.92,26748.36,8813.26,0.0,0.0,35561.62,37438.3,1489963.85,648219.79,574024.0
2023-04-19,2,19,4,2,0,0,0,68531.63,8,1489963.85,20559.49,88511.74,109071.23,24878.41,3916.04,0.0,0.0,28794.45,80276.77,1570240.63,607680.19,605129.09
2023-04-20,3,20,4,2,0,0,0,58701.73,4,1570240.63,17610.52,48193.08,65803.6,26370.22,4560.36,0.0,0.0,30930.58,34873.01,1605113.64,600578.32,610533.11
2023-04-21,4,21,4,2,0,0,0,43910.86,4,1605113.64,13173.26,38497.93,51671.19,45404.5,4008.35,0.0,0.0,49412.85,2258.34,1607371.98,592817.99,609829.02
2023-04-22,5,22,4,2,1,0,0,46288.32,3,1607371.98,13886.5,46654.08,60540.58,25116.93,1512.66,0.0,0.0,26629.59,33910.99,1641282.97,578565.73,597882.82
2023-04-23,6,23,4,2,1,0,0,45025.34,5,1641282.97,13507.6,37990.21,51497.82,25073.77,3308.48,0.0,0.0,28382.25,23115.57,1664398.53,572093.26,583525.18
2023-04-24,0,24,4,2,0,0,0,65638.37,5,1664398.53,19691.51,35239.08,54930.59,45290.06,4033.53,0.0,0.0,49323.6,5606.99,1670005.53,582801.05,588549.61
2023-04-25,1,25,4,2,0,0,0,62510.28,8,1670005.53,18753.08,39629.51,58382.6,54821.95,7793.3,0.0,0.0,62615.25,-4232.65,1665772.87,586928.73,563642.11
2023-04-26,2,26,4,2,0,0,0,66791.93,5,1665772.87,20037.58,28754.38,48791.95,73700.79,5901.18,0.0,0.0,79601.98,-30810.02,1634962.85,604928.7,514601.23
2023-04-27,3,27,4,2,0,0,0,59476.68,6,1634962.85,17843.0,43487.86,61330.86,31192.14,7244.19,0.0,0.0,38436.33,22894.53,1657857.38,603074.52,548312.24
2023-04-28,4,28,4,2,0,0,0,67886.49,5,1657857.38,20365.95,50213.69,70579.63,42346.11,4118.68,0.0,0.0,46464.78,24114.85,1681972.24,600381.38,574934.41
2023-04-29,5,29,4,2,1,0,0,45307.72,3,1681972.24,13592.32,29866.15,43458.46,34629.75,2723.42,0.0,0.0,37353.17,6105.29,1688077.53,602230.64,545969.62
2023-04-30,6,30,4,2,1,1,0,20152.83,1,1688077.53,6045.85,44259.63,50305.48,20209.55,1492.8,0.0,0.0,21702.35,28603.13,1716680.66,572077.99,532776.34
2023-05-01,0,1,5,2,0,0,0,96118.85,9,1716680.66,28835.66,62322.49,91158.15,37392.99,6532.01,228995.97,0.0,272920.96,-181762.82,1534917.84,577038.7,537105.81
2023-05-02,1,2,5,2,0,0,0,70392.29,5,1534917.84,21117.69,58630.13,79747.82,34475.59,7524.48,44644.25,0.0,86644.33,-6896.51,1528021.33,567683.17,541034.79
2023-05-03,2,3,5,2,0,0,0,71012.29,5,1528021.33,21303.69,60990.52,82294.21,33772.37,4052.08,0.0,0.0,37824.45,44469.75,1572491.09,556401.26,580611.19
2023-05-04,3,4,5,2,0,0,0,92772.94,8,1572491.09,27831.88,53083.73,80915.62,37652.85,8580.65,0.0,0.0,46233.51,34682.11,1607173.2,568258.58,572001.29
2023-05-05,4,5,5,2,0,0,0,116529.91,16,1607173.2,34958.97,74386.13,109345.1,25556.1,5236.4,0.0,71159.19,101951.69,7393.41,1614566.61,575443.39,576204.42
2023-05-06,5,6,5,2,1,0,0,33701.53,4,1614566.61,10110.46,42230.94,52341.4,25771.91,3463.77,0.0,0.0,29235.68,23105.72,1637672.32,556803.52,564200.17
2023-05-07,6,7,5,2,1,0,0,42413.25,4,1637672.32,12723.97,26450.56,39174.53,35474.72,1449.75,0.0,0.0,36924.47,2250.06,1639922.38,560042.23,537698.32
2023-05-08,0,8,5,2,0,0,0,101211.04,11,1639922.38,30363.31,43406.15,73769.46,34407.82,7884.52,0.0,0.0,42292.34,31477.12,1671399.5,587483.81,561316.77
2023-05-09,1,9,5,2,0,0,0,67603.37,6,1671399.5,20281.01,30003.42,50284.43,33856.41,6607.66,0.0,0.0,40464.07,9820.36,1681219.86,604802.75,600923.39
2023-05-10,2,10,5,2,0,0,0,121295.04,17,1681219.86,36388.51,31819.09,68207.6,59298.07,8503.09,0.0,0.0,67801.16,406.44,1681626.3,657890.19,596480.09
2023-05-11,3,11,5,2,0,0,0,114587.06,9,1681626.3,34376.12,57043.95,91420.07,67715.4,11302.49,0.0,0.0,79017.89,12402.17,1694028.47,681057.18,582401.13
2023-05-12,4,12,5,2,0,0,0,50364.11,3,1694028.47,15109.23,45164.57,60273.81,53971.97,9628.0,0.0,0.0,63599.97,-3326.16,1690702.31,671147.48,584466.95
2023-05-13,5,13,5,2,1,0,0,44905.41,5,1690702.31,13471.62,40773.3,54244.93,40983.84,3516.69,0.0,0.0,44500.54,9744.39,1700446.7,661807.97,549615.49
2023-05-14,6,14,5,2,1,0,0,44756.52,6,1700446.7,13426.96,51843.81,65270.77,30034.05,2197.01,0.0,0.0,32231.06,33039.71,1733486.41,641293.72,529769.82
2023-05-15,0,15,5,2,0,0,0,66666.35,6,1733486.41,19999.91,79378.65,99378.55,23881.94,6583.52,0.0,0.0,30465.46,68913.1,1802399.51,608581.52,527155.38
2023-05-16,1,16,5,2,0,0,0,118847.11,13,1802399.51,35654.13,59607.54,95261.67,33807.45,7069.96,0.0,0.0,40877.41,54384.27,1856783.77,632166.96,534384.48
2023-05-17,2,17,5,2,0,0,0,77130.23,5,1856783.77,23139.07,50099.73,73238.8,28241.62,6770.33,0.0,0.0,35011.95,38226.85,1895010.63,636058.38,537329.22
2023-05-18,3,18,5,2,0,0,0,69093.66,8,1895010.63,20728.1,69234.72,89962.82,18156.84,8971.84,0.0,0.0,27128.68,62834.14,1957844.77,615189.22,576685.64
2023-05-19,4,19,5,2,0,0,0,122525.53,11,1957844.77,36757.66,51530.45,88288.11,20771.14,11971.87,0.0,0.0,32743.01,55545.1,2013389.87,649426.64,600859.04
2023-05-20,5,20,5,2,1,0,0,34504.63,4,2013389.87,10351.39,46000.72,56352.11,23550.66,3694.16,0.0,0.0,27244.82,29107.29,2042497.16,627579.16,589807.99
2023-05-21,6,21,5,2,1,0,0,21756.66,1,2042497.16,6527.0,26652.13,33179.13,31531.4,1197.13,0.0,0.0,32728.52,450.61,2042947.76,616156.69,567997.26
2023-05-22,0,22,5,2,0,0,0,77206.03,9,2042947.76,23161.81,40865.91,64027.72,28283.51,8036.76,0.0,0.0,36320.28,27707.44,2070655.2,629335.0,586167.79
2023-05-23,1,23,5,2,0,0,0,52987.09,4,2070655.2,15896.13,49629.69,65525.82,29736.51,5436.7,0.0,0.0,35173.21,30352.6,2101007.81,616796.27,632069.45
2023-05-24,2,24,5,2,0,0,0,73229.52,10,2101007.81,21968.86,27400.66,49369.52,69883.31,8930.32,0.0,0.0,78813.63,-29444.11,2071563.7,640656.28,592203.95
2023-05-25,3,25,5,2,0,0,0,56561.02,4,2071563.7,16968.3,33497.5,50465.8,36133.61,3936.98,0.0,0.0,40070.59,10395.21,2081958.91,646751.5,615872.15
2023-05-26,4,26,5,2,0,0,0,52685.11,4,2081958.91,15805.53,45194.74,61000.28,39792.22,5188.55,0.0,0.0,44980.77,16019.51,2097978.42,638436.33,610834.99
2023-05-27,5,27,5,2,1,0,0,42704.44,4,2097978.42,12811.33,48927.59,61738.92,35157.55,1614.95,0.0,0.0,36772.51,24966.42,2122944.84,619401.84,584649.27
2023-05-28,6,28,5,2,1,0,0,43984.58,5,2122944.84,13195.37,26345.79,39541.16,22625.44,1079.6,0.0,0.0,23705.04,15836.13,2138780.97,623845.26,567878.91
2023-05-29,0,29,5,2,0,0,0,88786.46,10,2138780.97,26635.94,39003.65,65639.59,40153.56,6076.36,0.0,0.0,46229.92,19409.67,2158190.64,646992.13,600277.14
2023-05-30,1,30,5,2,0,0,0,70637.55,6,2158190.64,21191.26,44301.7,65492.96,35000.0,6684.7,0.0,0.0,41684.71,23808.26,2181998.89,652136.71,601757.82
2023-05-31,2,31,5,2,0,1,0,75674.29,5,2181998.89,22702.29,36509.56,59211.85,41020.59,4261.02,0.0,0.0,45281.61,13930.24,2195929.13,668599.15,636510.4
2023-06-01,3,1,6,2,0,0,0,80253.23,7,2195929.13,24075.97,87880.11,111956.08,33080.01,3202.22,196120.64,0.0,232402.87,-120446.79,2075482.35,636896.31,670622.04
2023-06-02,4,2,6,2,0,0,0,93287.93,11,2075482.35,27986.38,56530.31,84516.69,44357.12,11859.62,50513.8,0.0,106730.54,-22213.85,2053268.49,645667.55,655312.73
2023-06-03,5,3,6,2,1,0,0,24327.68,2,2053268.49,7298.3,43192.6,50490.9,23236.84,2729.55,0.0,0.0,25966.39,24524.52,2077793.01,619504.33,646218.89
2023-06-04,6,4,6,2,1,0,0,33206.61,4,2077793.01,9961.98,67932.72,77894.7,25231.02,1032.99,0.0,0.0,26264.0,51630.7,2129423.71,574816.23,634285.29
2023-06-05,0,5,6,2,0,0,0,117076.66,8,2129423.71,35123.0,78765.73,113888.73,37262.7,8985.33,0.0,62630.57,108878.6,5010.13,2134433.84,578004.16,652523.19
2023-06-06,1,6,6,2,0,0,0,74125.27,6,2134433.84,22237.58,34849.11,57086.69,22426.33,4496.55,0.0,0.0,26922.88,30163.81,2164597.65,595042.75,681064.37
2023-06-07,2,7,6,2,0,0,0,44139.78,4,2164597.65,13241.93,40139.12,53381.05,32640.06,5598.24,0.0,0.0,38238.3,15142.75,2179740.41,585801.47,683593.22
2023-06-08,3,8,6,2,0,0,0,100924.85,7,2179740.41,30277.45,34059.76,64337.22,36158.83,8973.04,0.0,0.0,45131.87,19205.35,2198945.75,622389.1,701144.26
2023-06-09,4,9,6,2,0,0,0,102132.06,13,2198945.75,30639.62,33720.99,64360.61,29312.94,8355.7,0.0,0.0,37668.64,26691.96,2225637.72,660160.56,694632.14
2023-06-10,5,10,6,2,1,0,0,31385.54,4,2225637.72,9415.66,43570.2,52985.87,76979.71,1319.79,0.0,0.0,78299.5,-25313.64,2200324.08,638560.23,625994.87
2023-06-11,6,11,6,2,1,0,0,38687.95,3,2200324.08,11606.38,39818.46,51424.84,54415.9,1739.21,0.0,0.0,56155.1,-4730.26,2195593.82,625823.33,583463.0
2023-06-12,0,12,6,2,0,0,0,108097.87,14,2195593.82,32429.36,47552.63,79981.99,59845.21,6248.77,0.0,0.0,66093.97,13888.02,2209481.84,653939.21,560334.17
2023-06-13,1,13,6,2,0,0,0,118620.24,10,2209481.84,35586.07,33512.2,69098.27,30436.45,4666.2,0.0,0.0,35102.65,33995.63,2243477.46,703461.17,605773.93
2023-06-14,2,14,6,2,0,0,0,114660.42,8,2243477.46,34398.12,54303.41,88701.54,37944.33,9230.49,0.0,0.0,47174.82,41526.72,2285004.18,729420.05,635408.5
2023-06-15,3,15,6,2,0,0,0,59032.87,8,2285004.18,17709.86,73469.69,91179.55,46512.74,11496.53,0.0,0.0,58009.27,33170.28,2318174.46,697273.37,622670.61
2023-06-16,4,16,6,2,0,0,0,99722.58,13,2318174.46,29916.78,94516.34,124433.12,34482.66,11239.39,0.0,0.0,45722.05,78711.07,2396885.53,672562.83,619616.18
2023-06-17,5,17,6,2,1,0,0,37718.74,3,2396885.53,11315.62,58035.38,69351.0,43636.41,3832.8,0.0,0.0,47469.21,21881.79,2418767.32,640930.57,590223.73
2023-06-18,6,18,6,2,1,0,0,42904.34,3,2418767.32,12871.3,79208.03,92079.34,37793.85,1111.02,0.0,0.0,38904.87,53174.46,2471941.78,591755.58,560620.88
2023-06-19,0,19,6,2,0,0,0,57278.29,4,2471941.78,17183.49,45313.96,62497.45,33904.77,6058.87,0.0,0.0,39963.64,22533.81,2494475.58,586536.42,552160.17
2023-06-20,1,20,6,2,0,0,0,42583.05,3,2494475.58,12774.92,51883.01,64657.93,37243.33,5868.77,0.0,0.0,43112.11,21545.82,2516021.4,564461.55,567072.46
2023-06-21,2,21,6,2,0,0,0,115823.51,16,2516021.4,34747.05,41724.04,76471.1,18632.88,10830.89,0.0,0.0,29463.77,47007.32,2563028.73,603813.96,582892.98
2023-06-22,3,22,6,2,0,0,0,114817.12,12,2563028.73,34445.14,41843.09,76288.23,40771.67,11981.41,0.0,0.0,52753.07,23535.16,2586563.89,642342.86,617352.48
2023-06-23,4,23,6,2,0,0,0,105221.55,7,2586563.89,31566.47,40151.19,71717.65,36700.34,10863.09,0.0,0.0,47563.44,24154.22,2610718.1,675846.76,629364.95
2023-06-24,5,24,6,2,1,0,0,39950.61,5,2610718.1,11985.18,39913.66,51898.85,68395.54,1716.33,0.0,0.0,70111.87,-18213.03,2592505.07,663898.53,570182.98
2023-06-25,6,25,6,2,1,0,0,26920.6,3,2592505.07,8076.18,35154.13,43230.31,40944.16,1126.28,0.0,0.0,42070.44,1159.87,2593664.94,647588.81,537201.89
2023-06-26,0,26,6,2,0,0,0,124904.22,9,2593664.94,37471.27,41977.77,79449.04,59742.91,4964.28,0.0,0.0,64707.2,14741.84,2608406.79,693043.99,520653.85
2023-06-27,1,27,6,2,0,0,0,106931.29,10,2608406.79,32079.39,33462.17,65541.56,36868.19,11502.59,0.0,0.0,48370.78,17170.77,2625577.56,734433.73,528900.94
2023-06-28,2,28,6,2,0,0,0,91496.97,7,2625577.56,27449.09,37274.21,64723.3,23840.52,11484.59,0.0,0.0,35325.11,29398.19,2654975.75,761207.4,583300.41
2023-06-29,3,29,6,2,0,0,0,90990.51,10,2654975.75,27297.15,49912.72,77209.87,22889.75,4984.38,0.0,0.0,27874.12,49335.74,2704311.49,774988.04,594731.84
2023-06-30,4,30,6,2,0,1,1,106327.91,7,2704311.49,31898.37,45872.81,77771.18,42569.95,10954.07,0.0,0.0,53524.02,24247.16,2728558.65,803544.78,576502.31
2023-07-01,5,1,7,3,1,0,0,47089.6,3,2728558.65,14126.88,62846.22,76973.1,35320.82,3088.06,189233.75,0.0,227642.63,-150669.54,2577889.11,773661.27,550143.91
2023-07-02,6,2,7,3,1,0,0,22819.88,1,2577889.11,6845.96,61847.64,68693.61,30109.45,2740.26,41829.74,0.0,74679.44,-5985.83,2571903.28,727787.54,530404.21
2023-07-03,0,3,7,3,0,0,0,60454.8,4,2571903.28,18136.44,55670.15,73806.59,41121.85,10759.15,0.0,0.0,51881.0,21925.59,2593828.87,714435.75,561607.55
2023-07-04,1,4,7,3,0,0,0,95230.35,10,2593828.87,28569.1,77527.68,106096.79,27229.72,6354.2,0.0,0.0,33583.92,72512.87,2666341.74,703569.32,560401.32
2023-07-05,2,5,7,3,0,0,0,101315.25,7,2666341.74,30394.57,74146.61,104541.18,22744.27,9149.33,0.0,61141.96,93035.56,11505.63,2677847.36,700343.38,563337.47
2023-07-06,3,6,7,3,0,0,0,80941.83,6,2677847.36,24282.55,44832.32,69114.87,38960.69,6130.28,0.0,0.0,45090.98,24023.89,2701871.25,712170.34,579588.33
2023-07-07,4,7,7,3,0,0,0,87241.58,6,2701871.25,26172.47,39188.65,65361.12,40315.35,8926.07,0.0,0.0,49241.42,16119.71,2717990.96,734050.79,611013.86
2023-07-08,5,8,7,3,1,0,0,43069.77,3,2717990.96,12920.93,52221.21,65142.14,36151.12,3040.42,0.0,0.0,39191.54,25950.6,2743941.56,711978.42,588232.87
2023-07-09,6,9,7,3,1,0,0,39460.57,3,2743941.56,11838.17,34276.21,46114.38,39056.69,1087.74,0.0,0.0,40144.43,5969.95,2749911.51,705324.61,562984.89
2023-07-10,0,10,7,3,0,0,0,48251.64,3,2749911.51,14475.49,39471.49,53946.98,41110.26,10361.7,0.0,0.0,51471.97,2475.02,2752386.53,699629.26,585812.23
2023-07-11,1,11,7,3,0,0,0,82041.5,7,2752386.53,24612.45,30475.71,55088.16,61353.13,11830.68,0.0,0.0,73183.8,-18095.64,2734290.89,726582.59,562035.55
2023-07-12,2,12,7,3,0,0,0,59937.47,4,2734290.89,17981.24,50231.87,68213.11,67655.61,3962.83,0.0,0.0,71618.43,-3405.32,2730885.57,718306.95,546564.1
2023-07-13,3,13,7,3,0,0,0,85058.04,11,2730885.57,25517.41,61076.34,86593.76,32480.95,11388.25,0.0,0.0,43869.21,42724.55,2773610.12,716771.24,554826.27
2023-07-14,4,14,7,3,0,0,0,120397.64,16,2773610.12,36119.29,54083.21,90202.5,24371.59,9373.55,0.0,0.0,33745.14,56457.36,2830067.48,746966.38,555372.27
2023-07-15,5,15,7,3,1,0,0,34088.37,2,2830067.48,10226.51,66396.46,76622.97,18034.11,3614.61,0.0,0.0,21648.72,54974.25,2885041.74,704431.78,548547.32
2023-07-16,6,16,7,3,1,0,0,46269.65,6,2885041.74,13880.9,82507.48,96388.38,33474.28,1073.76,0.0,0.0,34548.04,61840.33,2946882.07,654313.05,521373.9
2023-07-17,0,17,7,3,0,0,0,65632.21,7,2946882.07,19689.66,66715.57,86405.23,33646.03,7013.12,0.0,0.0,40659.16,45746.07,2992628.14,633540.04,553218.89
2023-07-18,1,18,7,3,0,0,0,125743.36,10,2992628.14,37723.01,65860.86,103583.87,21937.44,10153.29,0.0,0.0,32090.73,71493.14,3064121.29,655699.53,578349.05
2023-07-19,2,19,7,3,0,0,0,56453.69,4,3064121.29,16936.11,48159.35,65095.46,35879.52,5459.34,0.0,0.0,41338.86,23756.59,3087877.88,647057.76,602768.36
2023-07-20,3,20,7,3,0,0,0,50231.92,5,3087877.88,15069.58,62538.73,77608.3,31735.27,8746.73,0.0,0.0,40482.01,37126.3,3125004.18,619681.38,646526.91
2023-07-21,4,21,7,3,0,0,0,61223.71,7,3125004.18,18367.11,52578.42,70945.53,45453.82,5069.59,0.0,0.0,50523.41,20422.13,3145426.3,609959.55,645712.13
2023-07-22,5,22,7,3,1,0,0,16730.72,1,3145426.3,5019.22,41071.74,46090.96,42257.27,2419.63,0.0,0.0,44676.9,1414.05,3146840.35,580599.32,612140.12
2023-07-23,6,23,7,3,1,0,0,21594.05,1,3146840.35,6478.22,44526.69,51004.9,38017.33,3534.35,0.0,0.0,41551.68,9453.22,3156293.57,551188.47,586888.76
2023-07-24,0,24,7,3,0,0,0,92640.16,7,3156293.57,27792.05,27875.53,55667.58,73355.62,8549.85,0.0,0.0,81905.48,-26237.9,3130055.67,588161.06,536411.52
2023-07-25,1,25,7,3,0,0,0,79725.87,9,3130055.67,23917.76,28780.48,52698.24,58361.69,6872.75,0.0,0.0,65234.44,-12536.2,3117519.47,615188.68,506279.31
2023-07-26,2,26,7,3,0,0,0,80624.81,8,3117519.47,24187.44,28590.02,52777.46,41150.98,10178.03,0.0,0.0,51329.01,1448.45,3118967.93,643036.04,519737.18
2023-07-27,3,27,7,3,0,0,0,77378.4,6,3118967.93,23213.52,28212.11,51425.63,24902.75,7319.45,0.0,0.0,32222.2,19203.43,3138171.36,668988.8,520018.24
2023-07-28,4,28,7,3,0,0,0,62780.89,6,3138171.36,18834.27,48336.51,67170.77,36146.73,3356.57,0.0,0.0,39503.3,27667.47,3165838.83,664598.92,554543.58
2023-07-29,5,29,7,3,1,0,0,19055.3,1,3165838.83,5716.59,33681.16,39397.75,20327.84,2496.66,0.0,0.0,22824.51,16573.24,3182412.08,644256.47,549082.37
2023-07-30,6,30,7,3,1,0,0,37877.65,4,3182412.08,11363.29,41846.67,53209.97,23862.14,2553.13,0.0,0.0,26415.27,26794.7,3209206.77,628924.15,530317.94
2023-07-31,0,31,7,3,0,1,0,68043.45,6,3209206.77,20413.04,27960.73,48373.77,25500.96,4194.44,0.0,0.0,29695.4,18678.37,3227885.14,648593.83,530354.89
2023-08-01,1,1,8,3,0,0,0,98284.75,8,3227885.14,29485.42,82670.63,112156.05,20658.54,3941.11,218185.81,0.0,242785.46,-130629.41,3097255.73,634722.53,542255.03
2023-08-02,2,2,8,3,0,0,0,39569.06,3,3097255.73,11870.72,82085.59,93956.31,29248.19,9381.54,57419.38,0.0,96049.12,-2092.81,3095162.93,580335.28,537008.18
2023-08-03,3,3,8,3,0,0,0,108304.23,9,3095162.93,32491.27,56248.18,88739.45,20090.92,11053.35,0.0,0.0,31144.27,57595.19,3152758.11,599900.06,584973.41
2023-08-04,4,4,8,3,0,0,0,109693.83,14,3152758.11,32908.15,62896.84,95804.98,32836.23,9584.31,0.0,0.0,42420.53,53384.45,3206142.57,613788.9,610303.8
2023-08-05,5,5,8,3,1,0,0,17651.09,1,3206142.57,5295.33,49975.49,55270.82,40019.08,1657.64,0.0,74637.98,116314.7,-61043.89,3145098.68,576169.17,576880.16
2023-08-06,6,6,8,3,1,0,0,21486.71,1,3145098.68,6446.01,42323.5,48769.51,29380.89,2666.09,0.0,0.0,32046.98,16722.53,3161821.21,548886.37,559086.35
2023-08-07,0,7,8,3,0,0,0,57139.59,4,3161821.21,17141.88,47024.37,64166.25,35645.61,4795.88,0.0,0.0,40441.49,23724.76,3185545.97,541859.71,600735.05
2023-08-08,1,8,8,3,0,0,0,43193.71,3,3185545.97,12958.11,23585.26,36543.37,30879.02,10814.45,0.0,0.0,41693.47,-5150.1,3180395.87,548510.05,605737.22
2023-08-09,2,9,8,3,0,0,0,103036.56,14,3180395.87,30910.97,35388.48,66299.45,28999.7,11888.85,0.0,0.0,40888.55,25410.9,3205806.77,585247.16,617715.26
2023-08-10,3,10,8,3,0,0,0,114132.56,8,3205806.77,34239.77,42001.6,76241.37,70533.93,7380.02,0.0,0.0,77913.95,-1672.58,3204134.19,623138.35,593511.37
2023-08-11,4,11,8,3,0,0,0,117137.64,13,3204134.19,35141.29,40100.19,75241.48,60937.16,11211.27,0.0,0.0,72148.43,3093.05,3207227.24,665034.51,569561.02
2023-08-12,5,12,8,3,1,0,0,35373.45,2,3207227.24,10612.03,45017.74,55629.78,36934.37,3147.47,0.0,0.0,40081.84,15547.94,3222775.18,644778.18,544957.78
2023-08-13,6,13,8,3,1,0,0,21410.02,2,3222775.18,6423.01,32659.52,39082.53,20841.66,3563.16,0.0,0.0,24404.81,14677.71,3237452.89,627105.67,538830.07
2023-08-14,0,14,8,3,0,0,0,58815.37,5,3237452.89,17644.61,50007.12,67651.73,29624.37,6233.1,0.0,0.0,35857.47,31794.26,3269247.15,618269.31,555922.08
2023-08-15,1,15,8,3,0,0,0,51344.51,5,3269247.15,15403.35,58243.85,73647.2,25522.13,8910.63,0.0,0.0,34432.76,39214.43,3308461.58,595966.62,607383.51
2023-08-16,2,16,8,3,0,0,0,105782.48,14,3308461.58,31734.74,48492.9,80227.64,32954.49,5124.45,0.0,0.0,38078.95,42148.7,3350610.28,621521.45,651436.18
2023-08-17,3,17,8,3,0,0,0,51900.89,5,3350610.28,15570.27,63986.33,79556.6,43697.06,6877.99,0.0,0.0,50575.04,28981.56,3379591.84,593865.74,648201.06
2023-08-18,4,18,8,3,0,0,0,91830.19,7,3379591.84,27549.06,71891.85,99440.9,24916.95,3330.04,0.0,0.0,28246.99,71193.91,3450785.75,586255.03,653930.78
2023-08-19,5,19,8,3,1,0,0,36659.84,2,3450785.75,10997.95,57750.5,68748.45,41528.46,2756.06,0.0,0.0,44284.52,24463.93,3475249.68,554166.42,625844.02
2023-08-20,6,20,8,3,1,0,0,22234.0,1,3475249.68,6670.2,40543.63,47213.83,20452.92,2593.51,0.0,0.0,23046.43,24167.4,3499417.08,529186.59,613088.6
2023-08-21,0,21,8,3,0,0,0,40261.41,3,3499417.08,12078.42,25017.2,37095.62,44467.98,5845.4,0.0,0.0,50313.38,-13217.76,3486199.31,532352.38,615735.11
2023-08-22,1,22,8,3,0,0,0,40460.38,2,3486199.31,12138.11,25753.88,37891.99,47592.01,3044.46,0.0,0.0,50636.47,-12744.48,3473454.84,534920.77,646121.0
2023-08-23,2,23,8,3,0,0,0,93791.45,8,3473454.84,28137.44,44872.99,73010.42,35101.67,7399.62,0.0,0.0,42501.29,30509.13,3503963.97,555701.8,658280.55
2023-08-24,3,24,8,3,0,0,0,49213.87,4,3503963.97,14764.16,24313.62,39077.78,73008.35,4816.68,0.0,0.0,77825.03,-38747.25,3465216.72,565837.89,624055.15
2023-08-25,4,25,8,3,0,0,0,123314.65,14,3465216.72,36994.4,28535.85,65530.25,58781.04,10813.28,0.0,0.0,69594.32,-4064.07,3461152.65,623622.3,625116.89
2023-08-26,5,26,8,3,1,0,0,37567.72,3,3461152.65,11270.32,47785.09,59055.41,65998.98,2491.52,0.0,0.0,68490.5,-9435.09,3451717.55,602134.61,573564.06
2023-08-27,6,27,8,3,1,0,0,43120.51,3,3451717.55,12936.15,39725.05,52661.21,38921.89,3068.58,0.0,0.0,41990.47,10670.73,3462388.29,592593.91,539946.03
2023-08-28,0,28,8,3,0,0,0,55999.01,4,3462388.29,16799.7,41922.9,58722.61,32715.52,3959.34,0.0,0.0,36674.86,22047.75,3484436.03,589870.31,550976.18
2023-08-29,1,29,8,3,0,0,0,125947.68,10,3484436.03,37784.3,28428.92,66213.23,29080.41,10836.78,0.0,0.0,39917.19,26296.04,3510732.07,649604.76,599327.58
2023-08-30,2,30,8,3,0,0,0,87356.2,7,3510732.07,26206.86,49424.4,75631.26,30979.98,5943.3,0.0,0.0,36923.28,38707.98,3549440.05,661329.7,640081.87
2023-08-31,3,31,8,3,0,1,0,108850.25,13,3549440.05,32655.08,51989.17,84644.24,33535.68,10360.51,0.0,0.0,43896.18,40748.06,3590188.1,685535.71,673619.94
2023-09-01,4,1,9,3,0,0,0,85345.65,8,3590188.1,25603.7,47972.45,73576.14,31857.77,6565.55,221728.03,0.0,260151.36,-186575.22,3403612.88,697305.22,681507.0
2023-09-02,5,2,9,3,1,0,0,29883.85,2,3403612.88,8965.15,56885.36,65850.52,26982.0,1219.59,52068.97,0.0,80270.56,-14420.05,3389192.84,661338.56,663257.51
2023-09-03,6,3,9,3,1,0,0,35263.95,3,3389192.84,10579.18,64255.43,74834.61,43369.98,2557.25,0.0,0.0,45927.23,28907.38,3418100.22,621767.89,628685.38
2023-09-04,0,4,9,3,0,0,0,39038.55,3,3418100.22,11711.57,55718.21,67429.78,30863.89,8221.55,0.0,0.0,39085.44,28344.34,3446444.56,593376.67,640777.79
2023-09-05,1,5,9,3,0,0,0,91005.53,10,3446444.56,27301.66,74218.91,101520.57,41619.98,11599.71,0.0,60273.49,113493.18,-11972.62,3434471.94,582861.63,667107.74
2023-09-06,2,6,9,3,0,0,0,37424.99,5,3434471.94,11227.5,40136.38,51363.88,29405.84,11343.31,0.0,0.0,40749.16,10614.72,3445086.67,568922.74,710563.16
2023-09-07,3,7,9,3,0,0,0,120148.42,13,3445086.67,36044.52,35305.82,71350.35,36454.27,5310.99,0.0,0.0,41765.26,29585.09,3474671.75,617720.81,700965.94
2023-09-08,4,8,9,3,0,0,0,64175.63,5,3474671.75,19252.69,47790.55,67043.24,31970.94,8493.0,0.0,0.0,40463.94,26579.3,3501251.05,614853.19,721131.56
2023-09-09,5,9,9,3,1,0,0,24337.66,2,3501251.05,7301.3,35728.28,43029.57,27090.87,3043.35,0.0,0.0,30134.23,12895.34,3514146.4,596161.28,700259.55
2023-09-10,6,10,9,3,1,0,0,32292.65,2,3514146.4,9687.79,42300.0,51987.79,66992.75,1769.69,0.0,0.0,68762.44,-16774.65,3497371.74,576466.13,639335.56
2023-09-11,0,11,9,3,0,0,0,79906.45,5,3497371.74,23971.93,45684.43,69656.37,39537.34,8698.36,0.0,0.0,48235.7,21420.67,3518792.42,586716.21,652573.81
2023-09-12,1,12,9,3,0,0,0,90443.85,8,3518792.42,27133.16,47300.87,74434.02,51030.18,4908.4,0.0,0.0,55938.59,18495.44,3537287.86,602726.04,673606.55
2023-09-13,2,13,9,3,0,0,0,73434.29,5,3537287.86,22030.29,48140.34,70170.63,32951.82,5131.84,0.0,0.0,38083.66,32086.97,3569374.83,605989.7,713631.07
2023-09-14,3,14,9,3,0,0,0,61276.44,5,3569374.83,18382.93,47306.55,65689.48,43042.6,3859.82,0.0,0.0,46902.41,18787.07,3588161.9,601576.66,716059.35
2023-09-15,4,15,9,3,0,0,0,77070.27,9,3588161.9,23121.08,66564.02,89685.1,44413.64,10765.17,0.0,0.0,55178.82,34506.29,3622668.19,588961.82,702348.53
2023-09-16,5,16,9,3,1,0,0,18765.01,2,3622668.19,5629.5,39445.12,45074.63,38746.03,2640.09,0.0,0.0,41386.12,3688.51,3626356.69,562652.2,675022.22
2023-09-17,6,17,9,3,1,0,0,28063.54,2,3626356.69,8419.06,59421.33,67840.39,47614.62,1409.32,0.0,0.0,49023.94,18816.45,3645173.15,522875.35,637375.27
2023-09-18,0,18,9,3,0,0,0,72835.45,9,3645173.15,21850.64,52453.56,74304.19,40377.63,11921.3,0.0,0.0,52298.93,22005.26,3667178.41,521406.61,659438.91
2023-09-19,1,19,9,3,0,0,0,46041.79,6,3667178.41,13812.54,61097.97,74910.51,29243.51,3714.77,0.0,0.0,32958.28,41952.23,3709130.64,492537.88,684597.25
2023-09-20,2,20,9,3,0,0,0,116556.54,15,3709130.64,34966.96,43794.16,78761.12,28294.59,6194.97,0.0,0.0,34489.56,44271.56,3753402.2,530333.3,695977.37
2023-09-21,3,21,9,3,0,0,0,83076.09,6,3753402.2,24922.83,25131.03,50053.85,30030.68,7860.11,0.0,0.0,37890.79,12163.06,3765565.26,563355.53,733167.27
2023-09-22,4,22,9,3,0,0,0,94840.81,6,3765565.26,28452.24,38614.84,67067.09,33481.98,9025.38,0.0,0.0,42507.36,24559.72,3790124.98,591129.25,739415.57
2023-09-23,5,23,9,3,1,0,0,36597.93,3,3790124.98,10979.38,38430.38,49409.76,36539.88,1180.43,0.0,0.0,37720.3,11689.46,3801814.44,578317.43,715182.2
2023-09-24,6,24,9,3,1,0,0,45915.2,5,3801814.44,13774.56,28698.93,42473.49,49781.3,2607.48,0.0,0.0,52388.79,-9915.3,3791899.14,581759.14,677300.94
2023-09-25,0,25,9,3,0,0,0,76945.61,5,3791899.14,23083.68,44650.18,67733.86,73183.3,10159.05,0.0,0.0,83342.35,-15608.49,3776290.65,590970.89,645189.9
2023-09-26,1,26,9,3,0,0,0,57691.81,5,3776290.65,17307.54,35338.61,52646.15,84683.69,11343.01,0.0,0.0,96026.69,-43380.54,3732910.11,596016.54,590308.24
2023-09-27,2,27,9,3,0,0,0,111901.47,14,3732910.11,33570.44,41026.17,74596.61,21727.29,9797.43,0.0,0.0,31524.73,43071.89,3775982.0,633321.39,625593.02
2023-09-28,3,28,9,3,0,0,0,110476.54,12,3775982.0,33142.96,50656.28,83799.25,21620.13,5728.16,0.0,0.0,27348.29,56450.96,3832432.96,659998.69,665902.89
2023-09-29,4,29,9,3,0,0,0,68892.17,7,3832432.96,20667.65,30811.75,51479.41,38645.34,5749.72,0.0,0.0,44395.05,7084.35,3839517.31,677411.45,702366.87
2023-09-30,5,30,9,3,1,1,1,29836.88,2,3839517.31,8951.06,44707.63,53658.69,47579.25,2490.89,0.0,0.0,50070.14,3588.55,3843105.86,653589.64,664944.42
2023-10-01,6,1,10,4,1,0,0,50678.44,3,3843105.86,15203.53,53295.47,68499.0,23539.19,3452.35,202837.4,0.0,229828.93,-161329.93,3681775.92,635769.08,655711.18
2023-10-02,0,2,10,4,0,0,0,135981.02,16,3681775.92,40794.31,84483.3,125277.61,31008.65,3728.27,48059.6,0.0,82796.53,42481.08,3724257.0,646472.49,704017.12
2023-10-03,1,3,10,4,0,0,0,117588.55,14,3724257.0,35276.57,62785.06,98061.63,44293.58,10402.33,0.0,0.0,54695.9,43365.73,3767622.73,665999.41,751796.74
2023-10-04,2,4,10,4,0,0,0,135339.04,16,3767622.73,40601.71,93613.57,134215.28,43957.91,9883.29,0.0,0.0,53841.2,80374.09,3847996.82,667123.17,766324.34
2023-10-05,3,5,10,4,0,0,0,97147.65,12,3847996.82,29144.29,65804.43,94948.73,35823.13,3613.55,0.0,60387.18,99823.86,-4875.13,3843121.69,669322.09,765564.43
2023-10-06,4,6,10,4,0,0,0,146080.98,13,3843121.69,43824.29,47823.36,91647.66,40534.36,5806.35,0.0,0.0,46340.7,45306.96,3888428.64,723755.41,816430.34
2023-10-07,5,7,10,4,1,0,0,35231.69,3,3888428.64,10569.51,33099.96,43669.46,31988.95,2858.76,0.0,0.0,34847.71,8821.75,3897250.39,715317.64,795849.66
2023-10-08,6,8,10,4,1,0,0,24450.93,1,3897250.39,7335.28,31094.71,38429.99,39132.56,1174.49,0.0,0.0,40307.05,-1877.06,3895373.34,701338.58,769524.72
2023-10-09,0,9,10,4,0,0,0,49889.18,6,3895373.34,14966.76,49919.53,64886.29,34112.97,4280.24,0.0,0.0,38393.21,26493.08,3921866.41,686341.47,828039.67
2023-10-10,1,10,10,4,0,0,0,75972.98,5,3921866.41,22791.9,32569.93,55361.82,52673.11,7584.8,0.0,0.0,60257.91,-4896.08,3916970.33,706952.63,847952.66
2023-10-11,2,11,10,4,0,0,0,130234.34,13,3916970.33,39070.3,51565.34,90635.64,88435.68,7743.37,0.0,0.0,96179.05,-5543.41,3911426.92,746551.33,805571.92
2023-10-12,3,12,10,4,0,0,0,57637.98,5,3911426.92,17291.39,59382.6,76673.99,58592.68,6309.83,0.0,0.0,64902.51,11771.48,3923198.4,727515.32,802901.93
2023-10-13,4,13,10,4,0,0,0,131675.9,12,3923198.4,39502.77,56840.95,96343.72,26812.4,6745.39,0.0,0.0,33557.79,62785.93,3985984.33,762847.5,853979.25
2023-10-14,5,14,10,4,1,0,0,19469.71,2,3985984.33,5840.91,39128.6,44969.52,30750.14,2605.93,0.0,0.0,33356.07,11613.45,3997597.78,737347.69,835832.01
2023-10-15,6,15,10,4,1,0,0,19204.53,1,3997597.78,5761.36,59640.49,65401.85,52788.92,3878.73,0.0,0.0,56667.65,8734.2,4006331.98,691150.37,797801.82
2023-10-16,0,16,10,4,0,0,0,55409.47,5,4006331.98,16622.84,72314.43,88937.27,54465.81,3882.74,0.0,0.0,58348.55,30588.72,4036920.7,657622.57,799574.46
2023-10-17,1,17,10,4,0,0,0,59692.67,6,4036920.7,17907.8,59295.25,77203.05,42923.77,6382.99,0.0,0.0,49306.76,27896.29,4064816.99,640112.2,832343.99
2023-10-18,2,18,10,4,0,0,0,92566.22,10,4064816.99,27769.87,80529.5,108299.37,62665.92,10082.13,0.0,0.0,72748.05,35551.31,4100368.3,624379.05,856008.89
2023-10-19,3,19,10,4,0,0,0,116864.31,8,4100368.3,35059.29,64973.6,100032.89,57177.04,3345.84,0.0,0.0,60522.88,39510.01,4139878.31,641210.48,841340.46
2023-10-20,4,20,10,4,0,0,0,92781.98,8,4139878.31,27834.59,73991.85,101826.45,59992.25,8730.03,0.0,0.0,68722.28,33104.17,4172982.49,632166.01,851678.79
2023-10-21,5,21,10,4,1,0,0,21249.45,1,4172982.49,6374.84,39298.87,45673.7,51059.47,2536.67,0.0,0.0,53596.13,-7922.43,4165060.06,607741.76,807121.02
2023-10-22,6,22,10,4,1,0,0,20312.73,2,4165060.06,6093.82,26987.92,33081.74,26940.83,1213.77,0.0,0.0,28154.6,4927.14,4169987.2,594972.75,792343.42
2023-10-23,0,23,10,4,0,0,0,145378.27,11,4169987.2,43613.48,48423.49,92036.97,35231.81,6147.33,0.0,0.0,41379.14,50657.84,4220645.03,648314.05,806397.65
2023-10-24,1,24,10,4,0,0,0,114020.63,9,4220645.03,34206.19,34518.99,68725.17,51516.68,8942.72,0.0,0.0,60459.41,8265.77,4228910.8,693609.51,791850.98
2023-10-25,2,25,10,4,0,0,0,71911.18,5,4228910.8,21573.35,30381.17,51954.53,101731.71,5659.0,0.0,0.0,107390.71,-55436.18,4173474.62,713566.16,720768.58
2023-10-26,3,26,10,4,0,0,0,110120.5,8,4173474.62,33036.15,43705.25,76741.4,47676.59,8535.12,0.0,0.0,56211.71,20529.69,4194004.31,746945.26,712232.99
2023-10-27,4,27,10,4,0,0,0,112164.83,12,4194004.31,33649.45,50528.17,84177.62,50875.32,10188.43,0.0,0.0,61063.75,23113.87,4217118.18,774932.48,689241.81
2023-10-28,5,28,10,4,1,0,0,55498.89,4,4217118.18,16649.67,52143.28,68792.94,41950.01,3435.31,0.0,0.0,45385.32,23407.63,4240525.81,761638.42,658116.03
2023-10-29,6,29,10,4,1,0,0,23553.59,2,4240525.81,7066.08,41653.63,48719.7,26213.14,2116.5,0.0,0.0,28329.64,20390.06,4260915.87,736472.31,646183.73
2023-10-30,0,30,10,4,0,0,0,90436.78,10,4260915.87,27131.03,51599.75,78730.78,29166.79,4093.51,0.0,0.0,33260.31,45470.48,4306386.35,748178.31,706853.4
2023-10-31,1,31,10,4,0,1,0,137985.77,10,4306386.35,41395.73,55613.16,97008.89,47072.96,10752.33,0.0,0.0,57825.29,39183.6,4345569.94,789155.19,704436.53
2023-11-01,2,1,11,4,0,0,0,141385.94,11,4345569.94,42415.78,71177.41,113593.19,37833.99,10577.99,223709.44,0.0,272121.42,-158528.23,4187041.72,816947.94,743511.68
2023-11-02,3,2,11,4,0,0,0,113467.2,13,4187041.72,34040.16,67546.73,101586.89,55924.52,11436.49,40863.47,0.0,108224.49,-6637.6,4180404.12,828828.25,750057.75
2023-11-03,4,3,11,4,0,0,0,57746.18,4,4180404.12,17323.85,96019.78,113343.63,32037.93,7552.67,0.0,0.0,39590.6,73753.03,4254157.15,773230.8,799242.57
2023-11-04,5,4,11,4,1,0,0,46230.06,4,4254157.15,13869.02,79514.48,93383.49,40778.23,1892.65,0.0,0.0,42670.88,50712.62,4304869.76,726077.36,769367.81
2023-11-05,6,5,11,4,1,0,0,44583.2,6,4304869.76,13374.96,90792.99,104167.95,47191.16,1480.21,0.0,66923.36,115594.74,-11426.79,4293442.97,666492.61,733539.56
2023-11-06,0,6,11,4,0,0,0,69959.63,5,4293442.97,20987.89,49408.87,70396.76,28081.52,6613.45,0.0,0.0,34694.97,35701.79,4329144.77,666055.48,798644.98
2023-11-07,1,7,11,4,0,0,0,65428.79,6,4329144.77,19628.64,44279.84,63908.47,47757.24,4692.22,0.0,0.0,52449.46,11459.02,4340603.78,667575.79,826286.39
2023-11-08,2,8,11,4,0,0,0,127027.88,10,4340603.78,38108.36,47030.6,85138.97,51473.17,3317.8,0.0,0.0,54790.97,30348.0,4370951.78,709464.7,800172.76
2023-11-09,3,9,11,4,0,0,0,65263.56,7,4370951.78,19579.07,59145.5,78724.57,36635.86,4339.99,0.0,0.0,40975.86,37748.71,4408700.5,696003.69,813832.83
2023-11-10,4,10,11,4,0,0,0,136894.14,10,4408700.5,41068.24,63230.26,104298.51,74576.47,9498.64,0.0,0.0,84075.11,20223.4,4428923.9,728599.33,789577.64
2023-11-11,5,11,11,4,1,0,0,40989.16,3,4428923.9,12296.75,42151.64,54448.39,83132.7,1009.65,0.0,0.0,84142.35,-29693.97,4399229.93,715140.1,715571.16
2023-11-12,6,12,11,4,1,0,0,32080.99,2,4399229.93,9624.3,52935.77,62560.06,69517.03,2442.92,0.0,0.0,71959.95,-9399.89,4389830.04,684661.03,651984.03
2023-11-13,0,13,11,4,0,0,0,50640.69,4,4389830.04,15192.21,45510.45,60702.66,37515.61,8431.39,0.0,0.0,45946.99,14755.67,4404585.71,674599.06,678070.49
2023-11-14,1,14,11,4,0,0,0,129280.08,17,4404585.71,38784.02,38861.35,77645.37,37936.62,3693.52,0.0,0.0,41630.14,36015.23,4440600.93,726233.77,721856.02
2023-11-15,2,15,11,4,0,0,0,79262.82,7,4440600.93,23778.85,89298.28,113077.13,48959.29,7655.42,0.0,0.0,56614.71,56462.42,4497063.35,692419.46,746549.8
2023-11-16,3,16,11,4,0,0,0,59416.83,5,4497063.35,17825.05,62394.14,80219.19,26881.79,4985.51,0.0,0.0,31867.3,48351.89,4545415.24,671617.11,774506.83
2023-11-17,4,17,11,4,0,0,0,121914.21,10,4545415.24,36574.26,96810.45,133384.71,48108.02,6791.23,0.0,0.0,54899.26,78485.45,4623900.69,660146.6,815550.35
2023-11-18,5,18,11,4,1,0,0,48211.94,4,4623900.69,14463.58,49664.5,64128.08,52441.18,2151.5,0.0,0.0,54592.68,9535.4,4633436.1,644230.46,772208.22
2023-11-19,6,19,11,4,1,0,0,40791.35,5,4633436.1,12237.41,51001.42,63238.82,33872.78,1078.59,0.0,0.0,34951.37,28287.45,4661723.55,621782.98,746957.79
2023-11-20,0,20,11,4,0,0,0,132117.81,14,4661723.55,39635.34,58195.87,97831.22,33877.01,11466.11,0.0,0.0,45343.13,52488.09,4714211.64,656069.58,773698.69
2023-11-21,1,21,11,4,0,0,0,89401.04,8,4714211.64,26820.31,53833.53,80653.84,32073.89,10223.79,0.0,0.0,42297.68,38356.16,4752567.79,664816.78,824507.74
2023-11-22,2,22,11,4,0,0,0,95065.44,9,4752567.79,28519.63,33159.39,61679.03,50548.43,7468.15,0.0,0.0,58016.58,3662.45,4756230.24,698203.2,804500.66
2023-11-23,3,23,11,4,0,0,0,121260.25,9,4756230.24,36378.07,55301.89,91679.97,45726.72,4218.19,0.0,0.0,49944.91,41735.06,4797965.3,727783.48,794698.88
2023-11-24,4,24,11,4,0,0,0,113551.49,12,4797965.3,34065.45,63180.61,97246.06,47906.5,5539.68,0.0,0.0,53446.18,43799.88,4841765.18,744088.9,776533.25
2023-11-25,5,25,11,4,1,0,0,28011.7,2,4841765.18,8403.51,58232.04,66635.56,57689.13,3278.19,0.0,0.0,60967.33,5668.23,4847433.41,705465.05,726339.58
2023-11-26,6,26,11,4,1,0,0,47876.65,3,4847433.41,14362.99,31491.32,45854.31,41537.4,1187.96,0.0,0.0,42725.36,3128.95,4850562.36,707487.39,694677.89
2023-11-27,0,27,11,4,0,0,0,58544.82,8,4850562.36,17563.45,45878.76,63442.21,32829.91,11098.5,0.0,0.0,43928.41,19513.8,4870076.16,702590.0,715110.8
2023-11-28,1,28,11,4,0,0,0,114277.65,11,4870076.16,34283.3,61460.87,95744.17,52535.91,3470.32,0.0,0.0,56006.23,39737.94,4909814.1,721123.49,726086.46
2023-11-29,2,29,11,4,0,0,0,71391.77,8,4909814.1,21417.53,53385.28,74802.81,32955.83,8887.57,0.0,0.0,41843.4,32959.41,4942773.51,717712.44,785594.8
2023-11-30,3,30,11,4,0,1,0,103816.34,13,4942773.51,31144.9,46282.75,77427.65,47679.97,6145.56,0.0,0.0,53825.53,23602.12,4966375.63,744101.13,829740.2
2023-12-01,4,1,12,4,0,0,0,59819.98,7,4966375.63,17945.99,61636.39,79582.38,55829.11,8051.01,211403.45,0.0,275283.57,-195701.19,4770674.44,724338.72,816165.04
2023-12-02,5,2,12,4,1,0,0,51005.24,4,4770674.44,15301.57,83802.36,99103.93,47924.39,2630.61,41634.51,0.0,92189.51,6914.42,4777588.86,676240.03,773917.34
2023-12-03,6,3,12,4,1,0,0,36926.11,3,4777588.86,11077.83,52382.51,63460.34,50455.18,3007.07,0.0,0.0,53462.25,9998.09,4787586.96,649705.8,737919.14
2023-12-04,0,4,12,4,0,0,0,87500.09,6,4787586.96,26250.03,75121.23,101371.26,26006.31,7612.52,0.0,0.0,33618.83,67752.43,4855339.39,635834.63,774411.27
2023-12-05,1,5,12,4,0,0,0,92544.24,9,4855339.39,27763.27,47169.1,74932.37,32478.34,5327.59,0.0,62470.6,100276.52,-25344.15,4829995.24,653446.5,820989.56
2023-12-06,2,6,12,4,0,0,0,124154.85,9,4829995.24,37246.45,44995.39,82241.84,56002.25,10916.24,0.0,0.0,66918.48,15323.36,4845318.6,695359.5,804072.9
2023-12-07,3,7,12,4,0,0,0,69122.1,9,4845318.6,20736.63,43174.08,63910.71,54597.08,3244.51,0.0,0.0,57841.59,6069.12,4851387.72,700570.89,842193.86
2023-12-08,4,8,12,4,0,0,0,93042.71,8,4851387.72,27912.81,58475.66,86388.47,45132.36,3949.26,0.0,0.0,49081.62,37306.85,4888694.56,707225.13,859097.25
2023-12-09,5,9,12,4,1,0,0,49578.87,4,4888694.56,14873.66,40967.02,55840.68,59790.89,1611.3,0.0,0.0,61402.19,-5561.51,4883133.05,700963.32,812062.48
2023-12-10,6,10,12,4,1,0,0,29517.67,3,4883133.05,8855.3,51750.79,60606.09,82028.71,3393.74,0.0,0.0,85422.45,-24816.36,4858316.7,669874.9,740809.7
2023-12-11,0,11,12,4,0,0,0,140978.32,15,4858316.7,42293.5,47128.97,89422.47,80854.93,10139.35,0.0,0.0,90994.28,-1571.82,4856744.88,721430.75,695814.17
2023-12-12,1,12,12,4,0,0,0,134825.3,16,4856744.88,40447.59,62201.91,102649.5,92343.47,4266.4,0.0,0.0,96609.87,6039.63,4862784.5,753606.55,647507.88
2023-12-13,2,13,12,4,0,0,0,63323.89,5,4862784.5,18997.17,60451.1,79448.26,25890.05,6962.91,0.0,0.0,32852.96,46595.3,4909379.81,737482.17,691600.44
2023-12-14,3,14,12,4,0,0,0,52618.06,5,4909379.81,15785.42,58303.32,74088.73,38753.16,11704.14,0.0,0.0,50457.3,23631.43,4933011.24,716011.5,733095.02
2023-12-15,4,15,12,4,0,0,0,148311.72,14,4933011.24,44493.52,87514.26,132007.78,29373.89,10937.35,0.0,0.0,40311.24,91696.54,5024707.77,732315.44,772354.78
2023-12-16,5,16,12,4,1,0,0,24833.75,1,5024707.77,7450.13,48585.66,56035.78,40005.72,3158.06,0.0,0.0,43163.78,12872.0,5037579.78,701113.41,742946.62
2023-12-17,6,17,12,4,1,0,0,21727.75,2,5037579.78,6518.32,79379.87,85898.19,48233.78,3457.19,0.0,0.0,51690.97,34207.22,5071787.0,636942.96,701586.96
2023-12-18,0,18,12,4,0,0,0,119213.3,12,5071787.0,35763.99,60598.25,96362.24,47713.62,7133.39,0.0,0.0,54847.01,41515.23,5113302.23,659794.02,711266.13
2023-12-19,1,19,12,4,0,0,0,96260.07,7,5113302.23,28878.02,85085.38,113963.4,28056.92,9408.13,0.0,0.0,37465.04,76498.36,5189800.59,642090.69,731254.76
2023-12-20,2,20,12,4,0,0,0,54442.73,4,5189800.59,16332.82,53975.24,70308.06,33641.6,7053.16,0.0,0.0,40694.76,29613.3,5219413.89,626225.36,732373.74
2023-12-21,3,21,12,4,0,0,0,112934.43,8,5219413.89,33880.33,45728.31,79608.63,49754.99,7241.58,0.0,0.0,56996.57,22612.06,5242025.96,659551.16,731844.53
2023-12-22,4,22,12,4,0,0,0,111127.6,14,5242025.96,33338.28,33217.62,66555.9,34546.61,9176.94,0.0,0.0,43723.55,22832.35,5264858.31,704122.86,768785.13
2023-12-23,5,23,12,4,1,0,0,25308.05,2,5264858.31,7592.42,53581.7,61174.12,49265.37,1837.83,0.0,0.0,51103.2,10070.92,5274929.23,668256.79,726791.55
2023-12-24,6,24,12,4,1,0,0,44780.65,4,5274929.23,13434.19,42330.33,55764.52,50932.37,1099.57,0.0,0.0,52031.94,3732.58,5278661.81,657272.92,683912.29
2023-12-25,0,25,12,4,0,0,0,113148.55,9,5278661.81,33944.56,57100.67,91045.23,83920.47,10096.03,0.0,0.0,94016.5,-2971.27,5275690.54,679376.23,684887.12
2023-12-26,1,26,12,4,0,0,0,71405.48,7,5275690.54,21421.64,55641.28,77062.92,71329.9,3998.91,0.0,0.0,75328.81,1734.11,5277424.66,673718.79,684670.07
2023-12-27,2,27,12,4,0,0,0,92663.07,11,5277424.66,27798.92,55085.39,82884.31,33787.77,11791.2,0.0,0.0,45578.97,37305.34,5314730.0,683497.54,713464.36
2023-12-28,3,28,12,4,0,0,0,88645.77,6,5314730.0,26593.73,31075.24,57668.97,52666.7,5520.34,0.0,0.0,58187.04,-518.06,5314211.94,714474.34,736666.07
2023-12-29,4,29,12,4,0,0,0,74798.19,5,5314211.94,22439.46,58609.67,81049.13,50596.73,3162.06,0.0,0.0,53758.78,27290.34,5341502.28,708223.4,762904.23
2023-12-30,5,30,12,4,1,0,0,46000.16,5,5341502.28,13800.05,38642.74,52442.78,32026.59,3618.26,0.0,0.0,35644.86,16797.93,5358300.21,701780.78,744171.58
2023-12-31,6,31,12,4,1,1,1,45138.22,4,5358300.21,13541.47,45196.55,58738.01,29762.25,1037.21,0.0,0.0,30799.46,27938.55,5386238.76,688180.99,720374.68
2024-01-01,0,1,1,1,0,0,0,51516.42,3,5386238.76,15454.92,74086.3,89541.22,31550.93,9688.74,182888.57,0.0,224128.24,-134587.02,5251651.74,650156.18,719719.61
2024-01-02,1,2,1,1,0,0,0,91326.06,10,5251651.74,27397.82,76221.01,103618.83,50218.5,4667.97,41579.38,0.0,96465.86,7152.97,5258804.71,637863.41,714234.22
2024-01-03,2,3,1,1,0,0,0,87158.28,8,5258804.71,26147.48,46278.68,72426.16,52955.21,10701.26,0.0,0.0,63656.47,8769.69,5267574.4,652595.53,705525.23
2024-01-04,3,4,1,1,0,0,0,34348.06,2,5267574.4,10304.42,79307.46,89611.88,25966.24,3844.72,0.0,0.0,29810.95,59800.92,5327375.33,597331.71,724561.23
2024-01-05,4,5,1,1,0,0,0,78099.72,8,5327375.33,23429.92,76332.66,99762.57,41379.59,7657.02,0.0,66456.41,115493.02,-15730.45,5311644.88,575668.86,741273.91
2024-01-06,5,6,1,1,1,0,0,23832.2,2,5311644.88,7149.66,42030.4,49180.06,49426.36,2330.14,0.0,0.0,51756.5,-2576.44,5309068.44,550320.99,702866.78
2024-01-07,6,7,1,1,1,0,0,28848.34,3,5309068.44,8654.5,36323.47,44977.98,28236.38,2537.09,0.0,0.0,30773.47,14204.51,5323272.95,534191.36,686656.74
2024-01-08,0,8,1,1,0,0,0,57530.94,4,5323272.95,17259.28,34184.39,51443.67,49937.67,8405.86,0.0,0.0,58343.53,-6899.86,5316373.09,540278.63,684210.55
2024-01-09,1,9,1,1,0,0,0,66327.72,6,5316373.09,19898.32,38349.68,58248.0,28304.82,6256.68,0.0,0.0,34561.5,23686.49,5340059.58,548358.36,676221.81
2024-01-10,2,10,1,1,0,0,0,33048.12,3,5340059.58,9914.44,26060.59,35975.02,87529.14,5982.12,0.0,0.0,93511.26,-57536.24,5282523.34,545431.45,618633.74
2024-01-11,3,11,1,1,0,0,0,43918.06,6,5282523.34,13175.42,37123.59,50299.01,44701.51,7649.15,0.0,0.0,52350.67,-2051.66,5280471.68,539050.51,604054.17
2024-01-12,4,12,1,1,0,0,0,30303.73,2,5280471.68,9091.12,27319.97,36411.09,38473.45,6049.75,0.0,0.0,44523.2,-8112.11,5272359.58,532943.14,584297.44
2024-01-13,5,13,1,1,1,0,0,27337.24,3,5272359.58,8201.17,33404.5,41605.67,39839.56,2191.05,0.0,0.0,42030.6,-424.93,5271934.64,518674.71,552392.77
2024-01-14,6,14,1,1,1,0,0,28485.2,2,5271934.64,8545.56,23997.17,32542.73,28208.53,3622.67,0.0,0.0,31831.2,711.54,5272646.18,514617.18,532636.47
2024-01-15,0,15,1,1,0,0,0,80488.2,8,5272646.18,24146.46,72820.26,96966.72,22781.16,6551.18,0.0,0.0,29332.34,67634.37,5340280.56,498138.66,533002.43
2024-01-16,1,16,1,1,0,0,0,59446.27,4,5340280.56,17833.88,65896.64,83730.52,31687.18,5784.35,0.0,0.0,37471.53,46258.99,5386539.55,473854.4,551696.28
2024-01-17,2,17,1,1,0,0,0,98753.12,11,5386539.55,29625.94,63288.14,92914.07,31541.71,3460.22,0.0,0.0,35001.93,57912.15,5444451.69,479693.45,537227.74
2024-01-18,3,18,1,1,0,0,0,34050.66,3,5444451.69,10215.2,51683.67,61898.87,20274.86,6454.55,0.0,0.0,26729.41,35169.46,5479621.16,451845.24,566050.96
2024-01-19,4,19,1,1,0,0,0,56414.08,7,5479621.16,16924.22,35251.13,52175.36,36186.6,3639.07,0.0,0.0,39825.67,12349.68,5491970.84,456083.97,566450.17
2024-01-20,5,20,1,1,1,0,0,21796.67,1,5491970.84,6539.0,58573.83,65112.84,33038.62,2085.76,0.0,0.0,35124.38,29988.46,5521959.3,412767.8,545097.28
2024-01-21,6,21,1,1,1,0,0,13008.35,1,5521959.3,3902.5,27609.03,31511.54,30479.69,3621.1,0.0,0.0,34100.78,-2589.25,5519370.05,394264.61,528750.46
2024-01-22,0,22,1,1,0,0,0,38460.35,5,5519370.05,11538.1,32051.53,43589.64,28188.57,4279.23,0.0,0.0,32467.8,11121.84,5530491.89,389135.32,520668.14
2024-01-23,1,23,1,1,0,0,0,60241.98,7,5530491.89,18072.59,22342.29,40414.88,29749.91,3393.65,0.0,0.0,33143.56,7271.32,5537763.2,408962.42,530638.76
2024-01-24,2,24,1,1,0,0,0,70111.91,5,5537763.2,21033.57,24609.02,45642.59,58734.13,10610.44,0.0,0.0,69344.57,-23701.98,5514061.23,433431.74,522993.49
2024-01-25,3,25,1,1,0,0,0,60812.52,6,5514061.23,18243.76,31853.32,50097.07,42048.11,10100.87,0.0,0.0,52148.97,-2051.9,5512009.33,444147.19,510819.45
2024-01-26,4,26,1,1,0,0,0,87432.98,9,5512009.33,26229.89,36838.47,63068.36,68147.97,6878.87,0.0,0.0,75026.84,-11958.48,5500050.85,468511.81,499762.52
2024-01-27,5,27,1,1,1,0,0,27596.07,2,5500050.85,8278.82,26755.91,35034.73,29738.97,3065.22,0.0,0.0,32804.19,2230.54,5502281.39,461073.14,481034.29
2024-01-28,6,28,1,1,1,0,0,17004.94,2,5502281.39,5101.48,27064.28,32165.76,31979.28,2037.63,0.0,0.0,34016.92,-1851.16,5500430.23,445912.32,455480.95
2024-01-29,0,29,1,1,0,0,0,31588.6,3,5500430.23,9476.58,30811.4,40287.98,21910.51,3645.41,0.0,0.0,25555.91,14732.07,5515162.3,437212.94,480345.62
2024-01-30,1,30,1,1,0,0,0,52235.46,3,5515162.3,15670.64,31783.3,47453.94,23436.15,4961.03,0.0,0.0,28397.19,19056.75,5534219.05,441994.47,502229.65
2024-01-31,2,31,1,1,0,1,0,62551.62,5,5534219.05,18765.49,32805.24,51570.72,25986.95,3247.83,0.0,0.0,29234.78,22335.94,5556554.99,452975.37,499813.55
2024-02-01,3,1,2,1,0,0,0,99400.26,13,5556554.99,29820.08,46292.79,76112.87,16201.29,6491.88,189601.5,0.0,212294.67,-136181.8,5420373.19,476262.75,502435.33
2024-02-02,4,2,2,1,0,0,0,84386.43,9,5420373.19,25315.93,49970.94,75286.87,35176.97,4045.25,59118.38,0.0,98340.6,-23053.73,5397319.46,485362.32,497780.55
2024-02-03,5,3,2,1,1,0,0,35404.29,2,5397319.46,10621.29,52334.96,62956.25,35446.53,1865.22,0.0,0.0,37311.75,25644.5,5422963.97,457810.36,475601.09
2024-02-04,6,4,2,1,1,0,0,22681.79,2,5422963.97,6804.54,42003.19,48807.73,25001.91,1462.44,0.0,0.0,26464.34,22343.38,5445307.35,431684.43,459003.06
2024-02-05,0,5,2,1,0,0,0,68888.17,8,5445307.35,20666.45,54115.04,74781.49,24521.96,5721.0,0.0,63890.02,94132.98,-19351.49,5425955.86,425791.11,490454.23
2024-02-06,1,6,2,1,0,0,0,33915.04,3,5425955.86,10174.51,24138.91,34313.42,35707.54,8019.38,0.0,0.0,43726.92,-9413.5,5416542.36,425392.72,484380.77
2024-02-07,2,7,2,1,0,0,0,71688.78,7,5416542.36,21506.64,21670.93,43177.57,28743.47,7400.08,0.0,0.0,36143.55,7034.02,5423576.38,453903.94,493396.34
2024-02-08,3,8,2,1,0,0,0,101555.55,12,5423576.38,30466.66,39486.07,69952.73,28474.3,8585.94,0.0,0.0,37060.25,32892.48,5456468.86,485506.75,511066.27
2024-02-09,4,9,2,1,0,0,0,58298.7,4,5456468.86,17489.61,21883.36,39372.97,28461.96,5049.75,0.0,0.0,33511.7,5861.27,5462330.13,504432.48,521836.09
2024-02-10,5,10,2,1,1,0,0,35941.09,2,5462330.13,10782.33,36481.28,47263.61,62071.12,1391.96,0.0,0.0,63463.08,-16199.47,5446130.66,493109.96,470098.83
2024-02-11,6,11,2,1,1,0,0,15932.93,1,5446130.66,4779.88,36190.16,40970.04,55981.14,3832.13,0.0,0.0,59813.27,-18843.22,5427287.44,468072.85,421875.37
2024-02-12,0,12,2,1,0,0,0,63178.31,6,5427287.44,18953.49,40594.21,59547.7,53612.01,8298.58,0.0,0.0,61910.6,-2362.9,5424924.54,471703.46,407862.65
2024-02-13,1,13,2,1,0,0,0,50397.86,4,5424924.54,15119.36,24400.5,39519.85,20934.02,7601.48,0.0,0.0,28535.5,10984.36,5435908.9,482581.47,439542.7
2024-02-14,2,14,2,1,0,0,0,71458.41,5,5435908.9,21437.52,39744.43,61181.95,23262.45,10447.67,0.0,0.0,33710.12,27471.83,5463380.73,492857.93,479129.81
2024-02-15,3,15,2,1,0,0,0,71187.47,7,5463380.73,21356.24,67937.64,89293.88,17374.39,10685.66,0.0,0.0,28060.05,61233.83,5524614.56,474751.52,488127.6
2024-02-16,4,16,2,1,0,0,0,90943.5,8,5524614.56,27283.05,65232.79,92515.84,33195.11,7034.87,0.0,0.0,40229.98,52285.87,5576900.42,473179.17,474852.39
2024-02-17,5,17,2,1,1,0,0,28728.11,2,5576900.42,8618.43,60816.84,69435.27,23557.53,3063.17,0.0,0.0,26620.7,42814.57,5619714.99,432472.01,456486.02
2024-02-18,6,18,2,1,1,0,0,30409.58,3,5619714.99,9122.87,32944.63,42067.5,20599.05,3413.31,0.0,0.0,24012.36,18055.14,5637770.14,420814.09,443880.93
2024-02-19,0,19,2,1,0,0,0,44973.43,3,5637770.14,13492.03,56662.07,70154.1,32250.46,9091.39,0.0,0.0,41341.85,28812.25,5666582.39,395633.42,429044.83
2024-02-20,1,20,2,1,0,0,0,51036.25,6,5666582.39,15310.88,28002.16,43313.04,30449.81,9664.29,0.0,0.0,40114.09,3198.95,5669781.34,403356.63,450090.42
2024-02-21,2,21,2,1,0,0,0,84185.17,7,5669781.34,25255.55,32709.95,57965.5,30193.58,10613.29,0.0,0.0,40806.87,17158.62,5686939.96,429576.3,467683.61
2024-02-22,3,22,2,1,0,0,0,36151.69,4,5686939.96,10845.51,27067.83,37913.34,22609.77,6663.96,0.0,0.0,29273.72,8639.62,5695579.57,427814.65,465703.95
2024-02-23,4,23,2,1,0,0,0,54952.28,4,5695579.57,16485.69,20721.5,37207.19,35345.11,3650.85,0.0,0.0,38995.96,-1788.77,5693790.8,445559.74,485143.83
2024-02-24,5,24,2,1,1,0,0,26075.7,2,5693790.8,7822.71,24110.2,31932.92,44204.19,3383.55,0.0,0.0,47587.73,-15654.82,5678135.98,439702.53,446708.26
2024-02-25,6,25,2,1,1,0,0,14030.76,1,5678135.98,4209.23,19291.81,23501.04,34299.18,1697.15,0.0,0.0,35996.34,-12495.3,5665640.68,430232.26,421437.81
2024-02-26,0,26,2,1,0,0,0,87801.63,8,5665640.68,26340.49,37943.55,64284.04,54537.55,5893.46,0.0,0.0,60431.02,3853.02,5669493.71,453749.85,402838.81
2024-02-27,1,27,2,1,0,0,0,46080.6,3,5669493.71,13824.18,31891.27,45715.44,25207.79,6220.33,0.0,0.0,31428.12,14287.33,5683781.03,454115.0,440398.39
2024-02-28,2,28,2,1,0,0,0,38631.02,3,5683781.03,11589.31,36349.64,47938.95,23071.53,8272.78,0.0,0.0,31344.32,16594.63,5700375.66,444807.07,457846.03
2024-02-29,3,29,2,1,0,1,0,34935.8,2,5700375.66,10480.74,31583.54,42064.28,28468.39,10402.81,0.0,0.0,38871.21,3193.08,5703568.74,437678.59,457687.94
2024-03-01,4,1,3,1,0,0,0,86060.71,9,5703568.74,25818.21,48443.18,74261.39,29710.02,5442.68,209801.73,0.0,244954.43,-170693.04,5532875.7,449477.91,457229.0
2024-03-02,5,2,3,1,1,0,0,19965.59,1,5532875.7,5989.68,48334.38,54324.06,27741.26,1952.76,40002.69,0.0,69696.72,-15372.65,5517503.04,415119.44,435031.06
2024-03-03,6,3,3,1,1,0,0,17225.84,2,5517503.04,5167.75,34889.66,40057.41,14534.17,3518.02,0.0,0.0,18052.18,22005.23,5539508.27,392287.87,432566.66
2024-03-04,0,4,3,1,0,0,0,58779.03,6,5539508.27,17633.71,48292.2,65925.91,16077.98,6242.11,0.0,0.0,22320.08,43605.82,5583114.09,385140.99,455753.28
2024-03-05,1,5,3,1,0,0,0,111962.04,11,5583114.09,33588.61,38960.36,72548.98,34302.92,6904.36,0.0,73649.15,114856.42,-42307.45,5540806.64,424554.05,488011.21
2024-03-06,2,6,3,1,0,0,0,122794.0,10,5540806.64,36838.2,22243.72,59081.92,27298.56,6488.84,0.0,0.0,33787.4,25294.52,5566101.16,488266.13,521388.01
2024-03-07,3,7,3,1,0,0,0,99569.25,7,5566101.16,29870.77,22415.97,52286.74,32305.79,8997.47,0.0,0.0,41303.25,10983.48,5577084.65,535548.64,519723.77
2024-03-08,4,8,3,1,0,0,0,104672.62,8,5577084.65,31401.79,47506.74,78908.52,24369.12,3948.28,0.0,0.0,28317.4,50591.12,5627675.77,561312.74,556926.36
2024-03-09,5,9,3,1,1,0,0,36040.7,3,5627675.77,10812.21,24592.17,35404.38,38609.65,2501.2,0.0,0.0,41110.85,-5706.47,5621969.3,561949.05,526917.22
2024-03-10,6,10,3,1,1,0,0,30167.54,2,5621969.3,9050.26,28194.35,37244.61,43183.93,1157.07,0.0,0.0,44340.99,-7096.38,5614872.92,554871.98,492420.36
2024-03-11,0,11,3,1,0,0,0,73923.02,7,5614872.92,22176.91,44214.69,66391.6,38962.7,8916.18,0.0,0.0,47878.88,18512.72,5633385.64,562403.4,523565.26
2024-03-12,1,12,3,1,0,0,0,115303.99,14,5633385.64,34591.2,31274.5,65865.7,57062.31,5657.71,0.0,0.0,62720.02,3145.67,5636531.31,611841.69,526646.66
2024-03-13,2,13,3,1,0,0,0,94908.85,7,5636531.31,28472.65,47170.09,75642.74,31571.99,6556.18,0.0,0.0,38128.17,37514.58,5674045.89,631107.8,534302.16
2024-03-14,3,14,3,1,0,0,0,54529.96,7,5674045.89,16358.99,50603.23,66962.22,25570.47,3522.83,0.0,0.0,29093.3,37868.92,5711914.81,618675.54,546329.58
2024-03-15,4,15,3,1,0,0,0,82790.67,8,5711914.81,24837.2,54892.16,79729.36,18829.15,6411.85,0.0,0.0,25241.0,54488.36,5766403.17,621736.85,596749.41
2024-03-16,5,16,3,1,1,0,0,16358.82,1,5766403.17,4907.65,45563.94,50471.59,30121.36,2212.87,0.0,0.0,32334.23,18137.36,5784540.53,587624.09,575764.48
2024-03-17,6,17,3,1,1,0,0,34496.65,2,5784540.53,10348.99,39541.94,49890.94,40123.67,2557.1,0.0,0.0,42680.77,7210.17,5791750.7,572229.8,545281.76
2024-03-18,0,18,3,1,0,0,0,64583.85,8,5791750.7,19375.15,70101.16,89476.31,31066.3,11784.12,0.0,0.0,42850.43,46625.88,5838376.58,547337.34,579851.67
2024-03-19,1,19,3,1,0,0,0,38262.58,5,5838376.58,11478.77,65042.26,76521.03,22537.15,5390.25,0.0,0.0,27927.39,48593.64,5886970.22,509078.88,624927.76
2024-03-20,2,20,3,1,0,0,0,62927.79,8,5886970.22,18878.34,62769.6,81647.94,29685.48,6345.65,0.0,0.0,36031.13,45616.81,5932587.03,490358.74,646154.5
2024-03-21,3,21,3,1,0,0,0,63507.2,4,5932587.03,19052.16,35221.95,54274.11,46213.46,3212.35,0.0,0.0,49425.82,4848.3,5937435.32,499591.82,677200.77
2024-03-22,4,22,3,1,0,0,0,106650.46,14,5937435.32,31995.14,40895.04,72890.17,33276.08,5726.24,0.0,0.0,39002.32,33887.85,5971323.17,533352.11,691373.94
2024-03-23,5,23,3,1,1,0,0,22939.41,3,5971323.17,6881.82,27395.85,34277.67,42001.2,2421.43,0.0,0.0,44422.63,-10144.96,5961178.21,522013.85,659213.51
2024-03-24,6,24,3,1,1,0,0,45920.38,3,5961178.21,13776.11,43063.06,56839.17,84260.61,2633.45,0.0,0.0,86894.06,-30054.88,5931123.33,511095.06,587804.8
2024-03-25,0,25,3,1,0,0,0,43497.75,3,5931123.33,13049.32,29583.02,42632.35,42345.97,4267.23,0.0,0.0,46613.2,-3980.85,5927142.47,511960.46,579474.6
2024-03-26,1,26,3,1,0,0,0,106482.98,10,5927142.47,31944.89,37026.79,68971.68,68447.85,8723.59,0.0,0.0,77171.44,-8199.76,5918942.71,549471.76,540513.84
2024-03-27,2,27,3,1,0,0,0,96916.13,9,5918942.71,29074.84,31110.23,60185.07,38782.3,5614.54,0.0,0.0,44396.84,15788.23,5934730.95,586202.82,542666.39
2024-03-28,3,28,3,1,0,0,0,116195.1,10,5934730.95,34858.53,45598.85,80457.38,20360.12,3070.57,0.0,0.0,23430.69,57026.69,5991757.63,621940.53,546898.51
2024-03-29,4,29,3,1,0,0,0,76704.85,7,5991757.63,23011.46,30654.18,53665.64,31900.34,5177.04,0.0,0.0,37077.38,16588.26,6008345.89,644979.75,591318.87
2024-03-30,5,30,3,1,1,0,0,37158.04,3,6008345.89,11147.41,28885.85,40033.26,37309.0,2378.99,0.0,0.0,39687.99,345.27,6008691.16,642104.53,561756.91
2024-03-31,6,31,3,1,1,1,1,29383.7,3,6008691.16,8815.11,27670.58,36485.69,27182.52,1627.56,0.0,0.0,28810.08,7675.61,6016366.77,635002.55,541231.88
2024-04-01,0,1,4,2,0,0,0,112045.73,13,6016366.77,33613.72,90460.88,124074.6,39006.35,5177.79,237637.62,0.0,281821.76,-157747.17,5858619.6,622973.68,569029.53
2024-04-02,1,2,4,2,0,0,0,121665.11,12,5858619.6,36499.53,90407.03,126906.56,43703.18,8125.86,45190.84,0.0,97019.87,29886.69,5888506.3,617732.23,587428.35
2024-04-03,2,3,4,2,0,0,0,89725.31,7,5888506.3,26917.59,46737.59,73655.19,44620.67,4710.97,0.0,0.0,49331.64,24323.55,5912829.84,633802.36,599748.0
2024-04-04,3,4,4,2,0,0,0,117779.97,9,5912829.84,35333.99,89099.07,124433.06,34390.23,11795.77,0.0,0.0,46186.0,78247.06,5991076.91,627149.26,641805.61
2024-04-05,4,5,4,2,0,0,0,51179.18,6,5991076.91,15353.75,62665.43,78019.18,28096.64,8765.54,0.0,69999.01,106861.19,-28842.0,5962234.91,600309.25,676192.59
2024-04-06,5,6,4,2,1,0,0,33550.19,3,5962234.91,10065.06,44205.24,54270.29,20917.64,1027.12,0.0,0.0,21944.76,32325.53,5994560.44,579589.14,665263.9
2024-04-07,6,7,4,2,1,0,0,44925.11,3,5994560.44,13477.53,30030.67,43508.2,26308.55,1965.01,0.0,0.0,28273.56,15234.63,6009795.07,581006.06,650298.98
2024-04-08,0,8,4,2,0,0,0,101800.88,8,6009795.07,30540.27,28579.7,59119.96,21693.85,7328.01,0.0,0.0,29021.86,30098.1,6039893.18,623686.98,674362.68
2024-04-09,1,9,4,2,0,0,0,47326.36,6,6039893.18,14197.91,33862.38,48060.29,47971.49,11939.3,0.0,0.0,59910.78,-11850.49,6028042.69,622953.05,670366.26
2024-04-10,2,10,4,2,0,0,0,104669.96,7,6028042.69,31400.99,38200.98,69601.97,77334.58,11265.84,0.0,0.0,88600.42,-18998.45,6009044.23,658021.04,636696.14
2024-04-11,3,11,4,2,0,0,0,88258.19,9,6009044.23,26477.46,39074.33,65551.79,50679.45,8076.67,0.0,0.0,58756.12,6795.67,6015839.9,680727.44,652497.65
2024-04-12,4,12,4,2,0,0,0,95354.32,9,6015839.9,28606.3,37086.71,65693.01,82224.96,3916.23,0.0,0.0,86141.19,-20448.18,5995391.72,710388.76,602337.18
2024-04-13,5,13,4,2,1,0,0,22706.86,2,5995391.72,6812.06,30182.31,36994.37,22490.19,3600.31,0.0,0.0,26090.5,10903.86,6006295.58,696101.25,585207.18
2024-04-14,6,14,4,2,1,0,0,45689.46,3,6006295.58,13706.84,46062.15,59768.99,31633.41,2550.1,0.0,0.0,34183.51,25585.48,6031881.06,682021.73,562939.9
2024-04-15,0,15,4,2,0,0,0,61962.77,6,6031881.06,18588.83,62815.8,81404.63,43128.94,11033.02,0.0,0.0,54161.96,27242.67,6059123.74,662579.87,592444.91
2024-04-16,1,16,4,2,0,0,0,106397.62,12,6059123.74,31919.29,69641.3,101560.59,24522.98,8320.17,0.0,0.0,32843.15,68717.44,6127841.18,667416.9,617654.86
2024-04-17,2,17,4,2,0,0,0,66342.15,4,6127841.18,19902.64,84750.41,104653.06,21370.27,3621.07,0.0,0.0,24991.33,79661.72,6207502.9,629105.99,629243.23
2024-04-18,3,18,4,2,0,0,0,81992.65,6,6207502.9,24597.79,61924.01,86521.8,44217.36,5989.72,0.0,0.0,50207.08,36314.72,6243817.62,624576.84,652854.1
2024-04-19,4,19,4,2,0,0,0,105572.71,11,6243817.62,31671.81,73967.15,105638.96,44393.68,7851.85,0.0,0.0,52245.53,53393.43,6297211.05,624510.59,638215.04
2024-04-20,5,20,4,2,1,0,0,29144.69,2,6297211.05,8743.41,42825.08,51568.49,39070.41,1000.03,0.0,0.0,40070.45,11498.04,6308709.09,602086.79,605423.29
2024-04-21,6,21,4,2,1,0,0,32209.07,3,6308709.09,9662.72,26350.38,36013.11,24213.92,1912.6,0.0,0.0,26126.52,9886.59,6318595.68,598282.76,595940.15
2024-04-22,0,22,4,2,0,0,0,57314.69,4,6318595.68,17194.41,25573.76,42768.16,45260.16,5018.64,0.0,0.0,50278.8,-7510.63,6311085.04,612829.28,613799.66
2024-04-23,1,23,4,2,0,0,0,102964.25,8,6311085.04,30889.27,50639.78,81529.05,27763.96,5927.66,0.0,0.0,33691.61,47837.44,6358922.48,634264.48,631442.54
2024-04-24,2,24,4,2,0,0,0,109647.57,7,6358922.48,32894.27,33605.94,66500.21,80149.22,10260.24,0.0,0.0,90409.47,-23909.25,6335013.23,677411.83,593715.16
2024-04-25,3,25,4,2,0,0,0,104066.66,9,6335013.23,31220.0,41810.26,73030.26,65916.04,3706.1,0.0,0.0,69622.15,3408.11,6338421.34,708448.23,582908.45
2024-04-26,4,26,4,2,0,0,0,100056.88,13,6338421.34,30017.07,36349.83,66366.89,62323.57,11570.0,0.0,0.0,73893.56,-7526.67,6330894.67,742138.22,586666.36
2024-04-27,5,27,4,2,1,0,0,24107.77,3,6330894.67,7232.33,48624.05,55856.38,34831.74,3277.02,0.0,0.0,38108.75,17747.63,6348642.3,710389.61,559800.23
2024-04-28,6,28,4,2,1,0,0,31936.42,2,6348642.3,9580.92,44225.29,53806.21,38269.24,3482.52,0.0,0.0,41751.76,12054.45,6360696.75,688519.82,530223.79
2024-04-29,0,29,4,2,0,0,0,100503.65,7,6360696.75,30151.1,44370.24,74521.34,34925.19,9560.83,0.0,0.0,44486.02,30035.32,6390732.07,714502.14,569486.04
2024-04-30,1,30,4,2,0,1,0,61210.89,4,6390732.07,18363.27,54743.39,73106.66,26365.37,6020.49,0.0,0.0,32385.86,40720.79,6431452.86,702606.37,575395.81
2024-05-01,2,1,5,2,0,0,0,113195.95,11,6431452.86,33958.78,85123.11,119081.9,33504.22,11523.82,209775.53,0.0,254803.56,-135721.66,6295731.2,696720.42,604879.12
2024-05-02,3,2,5,2,0,0,0,51300.9,7,6295731.2,15390.27,83752.3,99142.57,30323.27,3226.74,56779.95,0.0,90329.96,8812.61,6304543.81,648878.75,637969.99
2024-05-03,4,3,5,2,0,0,0,99555.21,7,6304543.81,29866.56,90608.8,120475.36,26958.52,9343.84,0.0,0.0,36302.36,84173.0,6388716.81,627958.59,657286.41
2024-05-04,5,4,5,2,1,0,0,32962.55,2,6388716.81,9888.77,81958.63,91847.4,33267.3,3155.36,0.0,0.0,36422.66,55424.74,6444141.56,569073.75,629535.8
2024-05-05,6,5,5,2,1,0,0,21396.55,2,6444141.56,6418.97,67282.84,73701.81,29354.66,1395.15,0.0,72979.44,103729.24,-30027.43,6414114.13,516768.49,610708.21
2024-05-06,0,6,5,2,0,0,0,64398.57,7,6414114.13,19319.57,28992.35,48311.92,38813.18,10170.13,0.0,0.0,48983.31,-671.39,6413442.74,532855.13,643219.19
2024-05-07,1,7,5,2,0,0,0,92520.01,7,6413442.74,27756.0,37572.22,65328.22,47186.24,3109.41,0.0,0.0,50295.65,15032.58,6428475.31,560046.92,665128.91
2024-05-08,2,8,5,2,0,0,0,41376.35,3,6428475.31,12412.9,36491.75,48904.66,29705.55,6176.63,0.0,0.0,35882.18,13022.47,6441497.79,552518.61,673034.15
2024-05-09,3,9,5,2,0,0,0,66563.96,7,6441497.79,19969.19,41523.33,61492.52,23483.32,10053.84,0.0,0.0,33537.16,27955.36,6469453.15,557590.05,693912.28
2024-05-10,4,10,5,2,0,0,0,75374.44,5,6469453.15,22612.33,41148.57,63760.91,42632.92,6365.29,0.0,0.0,48998.21,14762.7,6484215.84,569203.59,691478.7
2024-05-11,5,11,5,2,1,0,0,35964.63,2,6484215.84,10789.39,39739.67,50529.06,48020.62,2255.0,0.0,0.0,50275.63,253.44,6484469.28,554639.16,654780.9
2024-05-12,6,12,5,2,1,0,0,18943.25,2,6484469.28,5682.97,29027.67,34710.65,56386.06,3941.11,0.0,0.0,60327.16,-25616.51,6458852.77,538871.76,606158.04
2024-05-13,0,13,5,2,0,0,0,83044.06,6,6458852.77,24913.22,28163.35,53076.57,23592.86,6632.41,0.0,0.0,30225.27,22851.3,6481704.06,568839.25,659621.74
2024-05-14,1,14,5,2,0,0,0,99631.48,11,6481704.06,29889.44,36341.12,66230.56,32162.23,5378.49,0.0,0.0,37540.71,28689.85,6510393.91,602240.18,668471.29
2024-05-15,2,15,5,2,0,0,0,79861.29,7,6510393.91,23958.39,53432.11,77390.5,39730.85,11716.84,0.0,0.0,51447.69,25942.81,6536336.72,604710.97,666341.34
2024-05-16,3,16,5,2,0,0,0,43620.42,3,6536336.72,13086.13,43728.6,56814.73,31095.57,3828.6,0.0,0.0,34924.18,21890.55,6558227.27,591516.66,711190.46
2024-05-17,4,17,5,2,0,0,0,92410.65,10,6558227.27,27723.2,69232.36,96955.56,22880.88,11685.14,0.0,0.0,34566.02,62389.54,6620616.81,586971.76,724752.05
2024-05-18,5,18,5,2,1,0,0,37044.83,3,6620616.81,11113.45,66943.92,78057.37,31285.71,1813.29,0.0,0.0,33099.0,44958.38,6665575.19,545959.21,704566.42
2024-05-19,6,19,5,2,1,0,0,43032.01,3,6665575.19,12909.6,71774.56,84684.17,25719.77,3834.21,0.0,0.0,29553.98,55130.19,6720705.37,504307.06,684905.71
2024-05-20,0,20,5,2,0,0,0,115557.2,11,6720705.37,34667.16,45041.74,79708.9,42944.37,9121.01,0.0,0.0,52065.38,27643.51,6748348.89,540155.36,696894.42
2024-05-21,1,21,5,2,0,0,0,38123.99,3,6748348.89,11437.2,35890.77,47327.97,35167.98,11618.23,0.0,0.0,46786.21,541.76,6748890.65,530951.39,697343.05
2024-05-22,2,22,5,2,0,0,0,111702.29,15,6748890.65,33510.69,28959.65,62470.34,52306.04,3917.04,0.0,0.0,56223.08,6247.26,6755137.9,580183.35,704871.6
2024-05-23,3,23,5,2,0,0,0,75447.26,8,6755137.9,22634.18,27665.12,50299.3,51207.56,6906.19,0.0,0.0,58113.75,-7814.45,6747323.45,605331.31,717883.24
2024-05-24,4,24,5,2,0,0,0,75520.5,6,6747323.45,22656.15,45374.63,68030.78,71308.83,8519.63,0.0,0.0,79828.46,-11797.68,6735525.78,612821.02,668097.28
2024-05-25,5,25,5,2,1,0,0,23373.7,1,6735525.78,7012.11,43138.09,50150.2,46066.96,3632.41,0.0,0.0,49699.37,450.83,6735976.61,586044.52,627944.24
2024-05-26,6,26,5,2,1,0,0,16182.98,2,6735976.61,4854.9,29829.83,34684.73,46677.76,1742.68,0.0,0.0,48420.43,-13735.71,6722240.9,567542.78,588410.55
2024-05-27,0,27,5,2,0,0,0,77710.44,5,6722240.9,23313.13,43106.26,66419.39,36678.75,3730.34,0.0,0.0,40409.09,26010.3,6748251.2,578833.83,607770.56
2024-05-28,1,28,5,2,0,0,0,111585.4,13,6748251.2,33475.62,47433.7,80909.32,45520.54,7898.29,0.0,0.0,53418.83,27490.49,6775741.69,609509.91,630777.33
2024-05-29,2,29,5,2,0,0,0,91797.94,9,6775741.69,27539.38,46971.94,74511.32,35315.36,3616.13,0.0,0.0,38931.49,35579.83,6811321.52,626796.52,659076.7
2024-05-30,3,30,5,2,0,0,0,118928.42,8,6811321.52,35678.53,45001.29,80679.82,28982.93,6316.04,0.0,0.0,35298.97,45380.84,6856702.37,665045.13,682182.43
2024-05-31,4,31,5,2,0,1,0,96231.83,8,6856702.37,28869.55,52363.82,81233.37,40271.25,5235.45,0.0,0.0,45506.7,35726.67,6892429.04,680043.58,689149.64
2024-06-01,5,1,6,2,1,0,0,29219.44,3,6892429.04,8765.83,64671.94,73437.77,47259.22,1192.02,229484.59,0.0,277935.83,-204498.06,6687930.98,635825.25,653383.64
2024-06-02,6,2,6,2,1,0,0,29733.46,2,6687930.98,8920.04,42945.78,51865.82,33139.32,1168.53,49821.91,0.0,84129.76,-32263.94,6655667.04,613692.9,628254.78
2024-06-03,0,3,6,2,0,0,0,46156.34,5,6655667.04,13846.9,72949.3,86796.2,37822.4,5342.13,0.0,0.0,43164.53,43631.67,6699298.71,573053.04,635090.89
2024-06-04,1,4,6,2,0,0,0,51071.29,4,6699298.71,15321.39,41709.99,57031.38,37720.74,10935.22,0.0,0.0,48655.95,8375.43,6707674.14,567092.94,629091.25
2024-06-05,2,5,6,2,0,0,0,97898.24,9,6707674.14,29369.47,45172.13,74541.61,28266.82,5249.61,0.0,67725.08,101241.52,-26699.91,6680974.22,590449.58,638525.0
2024-06-06,3,6,6,2,0,0,0,68602.07,5,6680974.22,20580.62,34574.21,55154.83,43554.23,5770.16,0.0,0.0,49324.4,5830.43,6686804.65,603896.82,663819.85
2024-06-07,4,7,6,2,0,0,0,121788.74,9,6686804.65,36536.62,36572.93,73109.55,35423.34,11470.09,0.0,0.0,46893.43,26216.12,6713020.78,652576.01,669864.55
2024-06-08,5,8,6,2,1,0,0,18980.89,1,6713020.78,5694.27,37094.69,42788.96,34105.17,1581.59,0.0,0.0,35686.76,7102.21,6720122.98,628767.94,646293.09
2024-06-09,6,9,6,2,1,0,0,37073.63,3,6720122.98,11122.09,48132.58,59254.67,39549.45,2317.63,0.0,0.0,41867.08,17387.59,6737510.57,606586.91,620331.29
2024-06-10,0,10,6,2,0,0,0,51062.61,6,6737510.57,15318.78,43001.36,58320.14,67751.83,5066.38,0.0,0.0,72818.21,-14498.07,6723012.5,599329.38,583931.34
2024-06-11,1,11,6,2,0,0,0,51501.64,6,6723012.5,15450.49,25465.85,40916.34,68996.25,7634.4,0.0,0.0,76630.65,-35714.3,6687298.2,609914.68,577442.3
2024-06-12,2,12,6,2,0,0,0,44207.22,4,6687298.2,13262.17,26124.75,39386.92,71831.78,5173.83,0.0,0.0,77005.61,-37618.69,6649679.5,614734.99,536182.48
2024-06-13,3,13,6,2,0,0,0,46152.08,6,6649679.5,13845.63,31636.74,45482.36,31889.14,5208.17,0.0,0.0,37097.31,8385.05,6658064.55,615404.71,555278.56
2024-06-14,4,14,6,2,0,0,0,71649.68,6,6658064.55,21494.91,32857.43,54352.34,40281.48,8546.7,0.0,0.0,48828.19,5524.15,6663588.7,632702.06,548676.32
2024-06-15,5,15,6,2,1,0,0,28846.92,3,6663588.7,8654.07,59708.83,68362.9,32347.11,3106.44,0.0,0.0,35453.55,32909.36,6696498.06,593186.07,526738.26
2024-06-16,6,16,6,2,1,0,0,31503.55,4,6696498.06,9451.07,55596.23,65047.29,29863.16,2597.51,0.0,0.0,32460.67,32586.62,6729084.68,559642.33,510580.37
2024-06-17,0,17,6,2,0,0,0,90803.18,10,6729084.68,27240.95,44559.78,71800.73,19680.17,9228.66,0.0,0.0,28908.83,42891.9,6771976.59,578644.77,531373.88
2024-06-18,1,18,6,2,0,0,0,71723.45,10,6771976.59,21517.03,76294.23,97811.26,28384.79,6773.44,0.0,0.0,35158.24,62653.03,6834629.61,552556.96,535788.36
2024-06-19,2,19,6,2,0,0,0,107503.66,9,6834629.61,32251.1,42954.06,75205.16,30626.7,8655.84,0.0,0.0,39282.54,35922.62,6870552.23,584855.46,553549.89
2024-06-20,3,20,6,2,0,0,0,59354.56,4,6870552.23,17806.37,40489.88,58296.25,31695.49,10525.06,0.0,0.0,42220.54,16075.7,6886627.94,585913.77,584633.27
2024-06-21,4,21,6,2,0,0,0,112016.86,13,6886627.94,33605.06,39463.45,73068.51,38532.81,7061.65,0.0,0.0,45594.46,27474.06,6914101.99,624862.12,586367.5
2024-06-22,5,22,6,2,1,0,0,42681.68,3,6914101.99,12804.5,49303.44,62107.94,19685.69,2163.48,0.0,0.0,21849.17,40258.77,6954360.76,605435.86,576344.91
2024-06-23,6,23,6,2,1,0,0,44155.88,4,6954360.76,13246.76,30632.95,43879.72,37885.67,2168.21,0.0,0.0,40053.89,3825.83,6958186.6,605712.02,544128.97
2024-06-24,0,24,6,2,0,0,0,123149.87,9,6958186.6,36944.96,29518.97,66463.93,35753.81,6379.22,0.0,0.0,42133.03,24330.9,6982517.5,662397.97,566815.53
2024-06-25,1,25,6,2,0,0,0,75437.4,7,6982517.5,22631.22,57135.72,79766.94,47824.48,4981.0,0.0,0.0,52805.49,26961.46,7009478.96,658068.42,572276.72
2024-06-26,2,26,6,2,0,0,0,69998.59,6,7009478.96,20999.58,30226.11,51225.68,53733.23,9504.64,0.0,0.0,63237.87,-12012.18,6997466.77,676841.33,560886.4
2024-06-27,3,27,6,2,0,0,0,100007.33,14,6997466.77,30002.2,30123.71,60125.91,33567.41,7355.9,0.0,0.0,40923.31,19202.6,7016669.38,716722.75,560889.29
2024-06-28,4,28,6,2,0,0,0,108551.15,9,7016669.38,32565.34,56212.85,88778.2,20037.99,9898.64,0.0,0.0,29936.62,58841.58,7075510.95,736495.7,593522.51
2024-06-29,5,29,6,2,1,0,0,40381.74,3,7075510.95,12114.52,53586.85,65701.37,30764.54,1420.97,0.0,0.0,32185.51,33515.85,7109026.8,711176.07,575787.99
2024-06-30,6,30,6,2,1,1,1,35294.92,2,7109026.8,10588.48,51283.75,61872.22,22017.42,3671.23,0.0,0.0,25688.65,36183.57,7145210.38,684598.77,560469.38
2024-07-01,0,1,7,3,0,0,0,117809.39,10,7145210.38,35342.82,86339.17,121681.99,34595.31,11002.15,214728.41,0.0,260325.87,-138643.87,7006566.5,680726.18,581359.79
2024-07-02,1,2,7,3,0,0,0,50715.55,5,7006566.5,15214.66,67562.38,82777.05,26288.53,4820.29,46276.54,0.0,77385.35,5391.7,7011958.2,648664.67,617443.19
2024-07-03,2,3,7,3,0,0,0,55930.95,7,7011958.2,16779.29,62722.28,79501.57,34738.64,4691.28,0.0,0.0,39429.92,40071.65,7052029.85,625094.06,656132.23
2024-07-04,3,4,7,3,0,0,0,98881.94,11,7052029.85,29664.58,61445.95,91110.53,40852.86,10166.17,0.0,0.0,51019.04,40091.49,7092121.34,632865.46,683740.1
2024-07-05,4,5,7,3,0,0,0,98543.03,11,7092121.34,29562.91,56779.28,86342.19,42088.73,5920.61,0.0,64042.68,112052.02,-25709.82,7066411.52,645066.3,716882.58
2024-07-06,5,6,7,3,1,0,0,37631.19,2,7066411.52,11289.36,32730.22,44019.58,29539.5,2985.91,0.0,0.0,32525.41,11494.17,7077905.7,638677.91,698296.11
2024-07-07,6,7,7,3,1,0,0,40257.8,4,7077905.7,12077.34,46969.54,59046.88,23648.27,3096.85,0.0,0.0,26745.11,32301.76,7110207.46,619888.83,681525.07
2024-07-08,0,8,7,3,0,0,0,75336.9,8,7110207.46,22601.07,27743.05,50344.12,22492.0,10912.67,0.0,0.0,33404.67,16939.45,7127146.91,644881.61,695023.6
2024-07-09,1,9,7,3,0,0,0,86492.34,6,7127146.91,25947.7,29316.93,55264.63,32385.43,11081.27,0.0,0.0,43466.7,11797.94,7138944.84,676109.32,722148.61
2024-07-10,2,10,7,3,0,0,0,65782.19,7,7138944.84,19734.66,54911.68,74646.33,90820.7,10603.84,0.0,0.0,101424.54,-26778.21,7112166.63,667245.17,709856.02
2024-07-11,3,11,7,3,0,0,0,88220.69,7,7112166.63,26466.21,31121.17,57587.37,92719.82,5939.75,0.0,0.0,98659.57,-41072.2,7071094.43,697878.49,643617.71
2024-07-12,4,12,7,3,0,0,0,108744.86,11,7071094.43,32623.46,57524.39,90147.85,51558.43,3363.16,0.0,0.0,54921.58,35226.27,7106320.7,716475.49,670672.32
2024-07-13,5,13,7,3,1,0,0,19847.54,2,7106320.7,5954.26,29869.92,35824.18,41673.3,2698.54,0.0,0.0,44371.84,-8547.66,7097773.04,700498.85,637603.29
2024-07-14,6,14,7,3,1,0,0,36361.77,2,7097773.04,10908.53,35775.45,46683.98,38933.85,2871.23,0.0,0.0,41805.08,4878.9,7102651.94,690176.65,603813.25
2024-07-15,0,15,7,3,0,0,0,40225.22,3,7102651.94,12067.57,84458.63,96526.19,34704.68,8621.53,0.0,0.0,43326.21,53199.99,7155851.92,633875.67,625886.21
2024-07-16,1,16,7,3,0,0,0,89134.08,7,7155851.92,26740.22,70449.13,97189.35,42435.42,6980.64,0.0,0.0,49416.07,47773.28,7203625.2,625820.41,661662.51
2024-07-17,2,17,7,3,0,0,0,71488.82,7,7203625.2,21446.65,53155.26,74601.91,48139.04,11362.26,0.0,0.0,59501.29,15100.61,7218725.82,622707.32,668991.67
2024-07-18,3,18,7,3,0,0,0,83845.21,6,7218725.82,25153.56,52838.88,77992.44,51759.69,8845.58,0.0,0.0,60605.27,17387.17,7236112.99,628560.09,695729.67
2024-07-19,4,19,7,3,0,0,0,100572.69,8,7236112.99,30171.81,71267.55,101439.35,34688.08,9073.08,0.0,0.0,43761.16,57678.2,7293791.19,627693.43,685122.44
2024-07-20,5,20,7,3,1,0,0,27503.36,2,7293791.19,8251.01,80394.84,88645.85,34599.75,3072.65,0.0,0.0,37672.4,50973.45,7344764.64,566550.94,657196.26
2024-07-21,6,21,7,3,1,0,0,36182.13,4,7344764.64,10854.64,30192.62,41047.26,36797.18,2797.91,0.0,0.0,39595.08,1452.18,7346216.82,561685.8,626961.15
2024-07-22,0,22,7,3,0,0,0,99683.67,13,7346216.82,29905.1,36755.57,66660.67,43590.64,4527.56,0.0,0.0,48118.2,18542.47,7364759.29,594708.8,642933.68
2024-07-23,1,23,7,3,0,0,0,106284.91,7,7364759.29,31885.47,43082.47,74967.94,44743.91,10225.3,0.0,0.0,54969.21,19998.74,7384758.03,626025.76,659593.96
2024-07-24,2,24,7,3,0,0,0,84582.21,9,7384758.03,25374.66,40798.67,66173.33,45793.47,8153.47,0.0,0.0,53946.94,12226.4,7396984.42,644434.64,658009.47
2024-07-25,3,25,7,3,0,0,0,118976.7,16,7396984.42,35693.01,46084.68,81777.69,56741.98,3467.9,0.0,0.0,60209.89,21567.8,7418552.22,681633.64,656504.01
2024-07-26,4,26,7,3,0,0,0,74532.66,6,7418552.22,22359.8,31834.45,54194.24,83674.72,10946.23,0.0,0.0,94620.95,-40426.71,7378125.52,701972.06,628874.7
2024-07-27,5,27,7,3,1,0,0,22403.8,2,7378125.52,6721.14,53479.54,60200.68,24337.92,3212.28,0.0,0.0,27550.2,32650.48,7410776.0,664175.18,618397.72
2024-07-28,6,28,7,3,1,0,0,41033.17,2,7410776.0,12309.95,55355.32,67665.27,41098.35,2867.89,0.0,0.0,43966.24,23699.03,7434475.02,637543.09,582599.63
2024-07-29,0,29,7,3,0,0,0,78252.1,5,7434475.02,23475.63,51159.31,74634.94,26359.38,3603.15,0.0,0.0,29962.53,44672.41,7479147.43,641160.24,580843.5
2024-07-30,1,30,7,3,0,0,0,109664.92,14,7479147.43,32899.48,53199.66,86099.13,21913.48,6470.38,0.0,0.0,28383.86,57715.27,7536862.71,664726.03,634097.51
2024-07-31,2,31,7,3,0,1,0,55563.28,6,7536862.71,16668.99,34600.27,51269.26,27794.05,3908.8,0.0,0.0,31702.86,19566.4,7556429.1,669020.06,654394.4
2024-08-01,3,1,8,3,0,0,0,49894.34,3,7556429.1,14968.3,88892.14,103860.45,49419.55,6957.66,196702.11,0.0,253079.33,-149218.88,7407210.22,615053.96,669823.99
2024-08-02,4,2,8,3,0,0,0,65868.16,5,7407210.22,19760.45,54982.56,74743.01,24780.6,5308.17,47106.39,0.0,77195.16,-2452.15,7404758.07,606179.11,679470.61
2024-08-03,5,3,8,3,1,0,0,17720.79,1,7404758.07,5316.24,47923.19,53239.43,24846.92,2027.94,0.0,0.0,26874.86,26364.57,7431122.64,570660.48,667713.93
2024-08-04,6,4,8,3,1,0,0,20630.15,1,7431122.64,6189.04,40544.71,46733.75,28523.07,2690.23,0.0,0.0,31213.29,15520.46,7446643.1,544556.88,649036.24
2024-08-05,0,5,8,3,0,0,0,48990.5,4,7446643.1,14697.15,58559.23,73256.38,25006.65,8615.99,0.0,64104.61,97727.24,-24470.85,7422172.25,520291.0,674222.73
2024-08-06,1,6,8,3,0,0,0,44092.8,4,7422172.25,13227.84,32178.34,45406.18,44839.34,3512.81,0.0,0.0,48352.15,-2945.97,7419226.27,518977.62,668081.65
2024-08-07,2,7,8,3,0,0,0,77665.0,5,7419226.27,23299.5,39560.81,62860.32,40943.08,9993.44,0.0,0.0,50936.52,11923.79,7431150.07,533782.31,681303.68
2024-08-08,3,8,8,3,0,0,0,64763.39,6,7431150.07,19429.02,35627.78,55056.8,52240.58,11005.67,0.0,0.0,63246.26,-8189.46,7422960.61,543488.9,698579.33
2024-08-09,4,9,8,3,0,0,0,54168.61,4,7422960.61,16250.58,34637.73,50888.31,37893.84,7348.63,0.0,0.0,45242.47,5645.84,7428606.45,546769.2,724515.29
2024-08-10,5,10,8,3,1,0,0,27134.22,2,7428606.45,8140.27,42088.13,50228.4,56950.12,2361.97,0.0,0.0,59312.09,-9083.69,7419522.76,523675.02,676633.22
2024-08-11,6,11,8,3,1,0,0,19719.06,1,7419522.76,5915.72,25721.98,31637.7,46054.9,2703.18,0.0,0.0,48758.08,-17120.38,7402402.38,511756.39,645092.77
2024-08-12,0,12,8,3,0,0,0,80448.98,6,7402402.38,24134.69,37373.26,61507.96,63718.81,6349.56,0.0,0.0,70068.37,-8560.41,7393841.96,530697.41,615646.45
2024-08-13,1,13,8,3,0,0,0,49354.2,5,7393841.96,14806.26,35517.25,50323.51,26635.51,4968.39,0.0,0.0,31603.9,18719.61,7412561.57,529728.11,620710.3
2024-08-14,2,14,8,3,0,0,0,110444.7,13,7412561.57,33133.41,31219.01,64352.42,47831.27,8141.34,0.0,0.0,55972.62,8379.8,7420941.37,575820.39,647420.43
2024-08-15,3,15,8,3,0,0,0,70178.43,5,7420941.37,21053.53,71903.0,92956.53,23089.53,8011.06,0.0,0.0,31100.59,61855.93,7482797.3,553042.3,666547.71
2024-08-16,4,16,8,3,0,0,0,107786.43,8,7482797.3,32335.93,47267.61,79603.54,28198.97,4963.87,0.0,0.0,33162.83,46440.71,7529238.01,581225.19,698200.9
2024-08-17,5,17,8,3,1,0,0,23614.57,2,7529238.01,7084.37,48327.23,55411.6,45586.66,3377.78,0.0,0.0,48964.45,6447.15,7535685.16,549428.16,657620.78
2024-08-18,6,18,8,3,1,0,0,39383.37,3,7535685.16,11815.01,42542.59,54357.6,29389.52,1281.33,0.0,0.0,30670.85,23686.76,7559371.92,534453.93,637814.49
2024-08-19,0,19,8,3,0,0,0,118926.01,8,7559371.92,35677.8,41116.59,76794.4,25878.36,5143.32,0.0,0.0,31021.68,45772.71,7605144.63,576585.55,649768.0
2024-08-20,1,20,8,3,0,0,0,78525.16,7,7605144.63,23557.55,59266.95,82824.49,25857.31,7385.39,0.0,0.0,33242.69,49581.8,7654726.43,572286.22,688833.93
2024-08-21,2,21,8,3,0,0,0,90024.28,10,7654726.43,27007.28,50813.02,77820.3,34632.01,10447.98,0.0,0.0,45079.99,32740.31,7687466.75,584490.19,719637.6
2024-08-22,3,22,8,3,0,0,0,39468.88,2,7687466.75,11840.67,29490.6,41331.27,38336.6,8536.16,0.0,0.0,46872.76,-5541.49,7681925.25,582627.81,721959.77
2024-08-23,4,23,8,3,0,0,0,82254.47,8,7681925.25,24676.34,38445.02,63121.36,23417.41,7960.44,0.0,0.0,31377.85,31743.52,7713668.77,601760.92,722443.9
2024-08-24,5,24,8,3,1,0,0,42184.18,5,7713668.77,12655.25,29309.01,41964.26,62822.37,1712.44,0.0,0.0,64534.8,-22570.54,7691098.23,601980.84,664871.25
2024-08-25,6,25,8,3,1,0,0,38574.85,3,7691098.23,11572.45,27966.93,39539.39,50179.87,1520.49,0.0,0.0,51700.36,-12160.97,7678937.26,601016.29,625774.57
2024-08-26,0,26,8,3,0,0,0,108279.04,12,7678937.26,32483.71,37687.4,70171.11,43502.45,9954.94,0.0,0.0,53457.39,16713.72,7695650.98,639124.21,646629.07
2024-08-27,1,27,8,3,0,0,0,97207.34,13,7695650.98,29162.2,44290.91,73453.11,32813.45,3595.49,0.0,0.0,36408.93,37044.18,7732695.16,662878.44,688473.73
2024-08-28,2,28,8,3,0,0,0,110547.13,15,7732695.16,33164.14,45148.12,78312.26,29699.89,6105.75,0.0,0.0,35805.64,42506.62,7775201.78,695113.31,724544.19
2024-08-29,3,29,8,3,0,0,0,122563.19,10,7775201.78,36768.96,52098.03,88866.98,32473.01,8503.17,0.0,0.0,40976.18,47890.8,7823092.58,728809.52,766963.77
2024-08-30,4,30,8,3,0,0,0,65091.31,7,7823092.58,19527.39,57245.07,76772.46,55105.23,9651.6,0.0,0.0,64756.84,12015.62,7835108.21,717128.37,787557.11
2024-08-31,5,31,8,3,1,1,0,24620.91,2,7835108.21,7386.27,57672.77,65059.04,46483.16,3118.74,0.0,0.0,49601.9,15457.14,7850565.34,676690.23,746176.79
2024-09-01,6,1,9,3,1,0,0,46938.43,4,7850565.34,14081.53,59573.78,73655.31,25019.93,2328.39,195662.91,0.0,223011.23,-149355.93,7701209.41,649973.36,729556.58
2024-09-02,0,2,9,3,0,0,0,111235.53,14,7701209.41,33370.66,90158.06,123528.72,34181.86,11357.68,41236.17,0.0,86775.71,36753.01,7737962.42,637680.17,727100.81
2024-09-03,1,3,9,3,0,0,0,51279.1,4,7737962.42,15383.73,68767.77,84151.49,52008.96,7020.43,0.0,0.0,59029.39,25122.1,7763084.52,604807.77,704781.62
2024-09-04,2,4,9,3,0,0,0,58764.28,5,7763084.52,17629.28,60809.99,78439.28,45876.4,9784.81,0.0,0.0,55661.21,22778.06,7785862.59,585132.78,718130.73
2024-09-05,3,5,9,3,0,0,0,117464.11,10,7785862.59,35239.23,77623.11,112862.34,25226.74,3061.9,0.0,63186.71,91475.35,21386.99,7807249.58,589734.55,757623.52
2024-09-06,4,6,9,3,0,0,0,73449.38,7,7807249.58,22034.81,35966.06,58000.87,54613.49,11182.58,0.0,0.0,65796.07,-7795.2,7799454.38,605183.05,775094.92
2024-09-07,5,7,9,3,1,0,0,37518.26,3,7799454.38,11255.48,32118.7,43374.18,29235.34,2026.32,0.0,0.0,31261.66,12112.51,7811566.89,599327.13,752765.67
2024-09-08,6,8,9,3,1,0,0,41924.9,4,7811566.89,12577.47,28161.88,40739.35,39218.41,1863.84,0.0,0.0,41082.25,-342.9,7811224.0,600512.68,725896.52
2024-09-09,0,9,9,3,0,0,0,63519.83,5,7811224.0,19055.95,41177.42,60233.37,28235.05,4049.25,0.0,0.0,32284.3,27949.07,7839173.06,603799.14,743715.96
2024-09-10,1,10,9,3,0,0,0,117290.36,9,7839173.06,35187.11,36872.95,72060.06,81853.6,11383.99,0.0,0.0,93237.59,-21177.53,7817995.53,649029.44,725193.12
2024-09-11,2,11,9,3,0,0,0,87319.52,12,7817995.53,26195.86,47069.81,73265.67,66052.95,5941.15,0.0,0.0,71994.11,1271.56,7819267.1,663083.29,732021.98
2024-09-12,3,12,9,3,0,0,0,110519.68,14,7819267.1,33155.91,53341.24,86497.14,72515.28,7175.84,0.0,0.0,79691.12,6806.02,7826073.12,687105.84,686538.95
2024-09-13,4,13,9,3,0,0,0,124265.71,17,7826073.12,37279.71,37611.45,74891.16,38270.15,9649.8,0.0,0.0,47919.95,26971.22,7853044.34,736480.39,673151.58
2024-09-14,5,14,9,3,1,0,0,36499.61,4,7853044.34,10949.88,46706.1,57655.98,25062.55,2703.92,0.0,0.0,27766.47,29889.51,7882933.85,715324.01,654121.68
2024-09-15,6,15,9,3,1,0,0,45306.95,4,7882933.85,13592.08,86954.86,100546.94,27017.07,3909.17,0.0,0.0,30926.24,69620.7,7952554.55,660084.02,641940.28
2024-09-16,0,16,9,3,0,0,0,67766.05,7,7952554.55,20329.82,47561.19,67891.0,38414.46,7121.36,0.0,0.0,45535.82,22355.19,7974909.74,659959.06,627573.02
2024-09-17,1,17,9,3,0,0,0,91546.85,7,7974909.74,27464.05,58055.79,85519.85,30256.16,10411.97,0.0,0.0,40668.13,44851.71,8019761.45,665986.07,651675.09
2024-09-18,2,18,9,3,0,0,0,79353.52,9,8019761.45,23806.06,62378.32,86184.38,43162.55,5953.62,0.0,0.0,49116.16,37068.22,8056829.66,659155.21,650450.37
2024-09-19,3,19,9,3,0,0,0,44308.43,4,8056829.66,13292.53,64785.23,78077.76,44500.48,4991.15,0.0,0.0,49491.63,28586.13,8085415.79,625385.89,654793.01
2024-09-20,4,20,9,3,0,0,0,108900.21,8,8085415.79,32670.06,81886.95,114557.01,33758.95,5729.57,0.0,0.0,39488.52,75068.49,8160484.28,619729.09,664245.35
2024-09-21,5,21,9,3,1,0,0,19487.28,1,8160484.28,5846.18,48991.17,54837.35,34658.02,1097.98,0.0,0.0,35756.0,19081.36,8179565.64,584379.01,641426.0
2024-09-22,6,22,9,3,1,0,0,28594.07,2,8179565.64,8578.22,28073.39,36651.61,44955.78,2686.57,0.0,0.0,47642.35,-10990.74,8168574.9,576321.47,608034.31
2024-09-23,0,23,9,3,0,0,0,42859.2,3,8168574.9,12857.76,34382.56,47240.32,34656.12,11446.34,0.0,0.0,46102.46,1137.86,8169712.76,571940.35,601097.9
2024-09-24,1,24,9,3,0,0,0,43604.67,3,8169712.76,13081.4,32645.48,45726.89,54293.84,10502.8,0.0,0.0,64796.63,-19069.75,8150643.02,569818.14,599604.87
2024-09-25,2,25,9,3,0,0,0,91355.92,9,8150643.02,27406.78,34818.11,62224.88,39152.18,6194.08,0.0,0.0,45346.25,16878.63,8167521.64,598949.17,596198.37
2024-09-26,3,26,9,3,0,0,0,97067.2,11,8167521.64,29120.16,44232.82,73352.98,51227.21,4636.01,0.0,0.0,55863.22,17489.76,8185011.4,622663.39,570019.91
2024-09-27,4,27,9,3,0,0,0,110586.72,10,8185011.4,33176.02,29176.71,62352.73,22596.17,10913.97,0.0,0.0,33510.15,28842.58,8213853.99,670897.38,592631.54
2024-09-28,5,28,9,3,1,0,0,23038.49,1,8213853.99,6911.55,41288.16,48199.71,41332.79,1661.34,0.0,0.0,42994.13,5205.58,8219059.56,645736.16,563613.61
2024-09-29,6,29,9,3,1,0,0,45180.58,3,8219059.56,13554.17,51924.46,65478.64,31734.1,2209.63,0.0,0.0,33943.73,31534.91,8250594.47,625438.1,543233.66
2024-09-30,0,30,9,3,0,1,1,84167.99,10,8250594.47,25250.4,45918.57,71168.97,34902.7,10420.24,0.0,0.0,45322.94,25846.03,8276440.5,638437.12,554074.41
2024-10-01,1,1,10,4,0,0,0,132248.78,15,8276440.5,39674.63,72062.34,111736.98,30106.43,6411.36,234903.64,0.0,271421.44,-159684.46,8116756.04,658948.93,607038.76
2024-10-02,2,2,10,4,0,0,0,133447.56,18,8116756.04,40034.27,71457.34,111491.61,28256.14,8157.38,46504.22,0.0,82917.75,28573.87,8145329.91,680904.88,639126.68
2024-10-03,3,3,10,4,0,0,0,72649.85,6,8145329.91,21794.96,47131.37,68926.33,50195.12,6556.4,0.0,0.0,56751.51,12174.81,8157504.72,684628.4,681193.45
2024-10-04,4,4,10,4,0,0,0,80491.9,6,8157504.72,24147.57,79247.01,103394.57,51687.73,6601.91,0.0,0.0,58289.64,45104.94,8202609.66,661725.72,709879.04
2024-10-05,5,5,10,4,1,0,0,28722.32,3,8202609.66,8616.7,86852.54,95469.24,38718.33,2978.52,0.0,70320.68,112017.53,-16548.29,8186061.37,594978.8,676418.41
2024-10-06,6,6,10,4,1,0,0,53944.87,4,8186061.37,16183.46,29895.29,46078.75,26754.27,1921.65,0.0,0.0,28675.92,17402.83,8203464.19,602844.92,660891.68
2024-10-07,0,7,10,4,0,0,0,88076.8,6,8203464.19,26423.04,30838.74,57261.78,32597.95,9815.55,0.0,0.0,42413.49,14848.28,8218312.48,633659.95,665045.61
2024-10-08,1,8,10,4,0,0,0,52688.56,4,8218312.48,15806.57,37365.38,53171.95,21370.68,8955.47,0.0,0.0,30326.15,22845.8,8241158.28,633176.56,675566.81
2024-10-09,2,9,10,4,0,0,0,61070.78,7,8241158.28,18321.23,33358.65,51679.89,44517.79,11772.22,0.0,0.0,56290.0,-4610.12,8236548.16,642567.45,657678.93
2024-10-10,3,10,10,4,0,0,0,68344.24,9,8236548.16,20503.27,51598.63,72101.9,62854.46,3455.6,0.0,0.0,66310.07,5791.83,8242339.99,638809.8,683518.85
2024-10-11,4,11,10,4,0,0,0,104732.17,8,8242339.99,31419.65,39676.47,71096.12,68202.77,3101.72,0.0,0.0,71304.5,-208.38,8242131.62,672445.85,642285.93
2024-10-12,5,12,10,4,1,0,0,30241.23,2,8242131.62,9072.37,28861.53,37933.9,53973.53,3921.4,0.0,0.0,57894.93,-19961.03,8222170.58,664753.18,599195.92
2024-10-13,6,13,10,4,1,0,0,29071.47,2,8222170.58,8721.44,46845.68,55567.12,40159.13,2124.17,0.0,0.0,42283.29,13283.83,8235454.41,638257.53,566751.71
2024-10-14,0,14,10,4,0,0,0,49123.39,5,8235454.41,14737.02,38370.87,53107.89,40383.19,5018.87,0.0,0.0,45402.06,7705.83,8243160.24,634273.03,608593.51
2024-10-15,1,15,10,4,0,0,0,130588.69,9,8243160.24,39176.61,89655.13,128831.74,30728.68,6037.09,0.0,0.0,36765.77,92065.97,8335226.21,636029.99,609420.89
2024-10-16,2,16,10,4,0,0,0,52624.52,5,8335226.21,15787.36,52155.32,67942.68,21992.41,7432.82,0.0,0.0,29425.23,38517.45,8373743.65,620711.83,664160.68
2024-10-17,3,17,10,4,0,0,0,79280.13,6,8373743.65,23784.04,60353.33,84137.37,26451.31,8147.96,0.0,0.0,34599.27,49538.1,8423281.75,615854.59,699142.79
2024-10-18,4,18,10,4,0,0,0,124517.1,12,8423281.75,37355.13,51917.49,89272.62,29910.04,6249.67,0.0,0.0,36159.71,53112.9,8476394.65,651099.07,704493.65
2024-10-19,5,19,10,4,1,0,0,44238.65,5,8476394.65,13271.59,46126.46,59398.05,32422.97,3091.49,0.0,0.0,35514.46,23883.59,8500278.25,635939.66,677417.4
2024-10-20,6,20,10,4,1,0,0,42806.42,4,8500278.25,12841.93,53691.19,66533.11,45505.19,1891.86,0.0,0.0,47397.05,19136.06,8519414.31,612212.97,645773.08
2024-10-21,0,21,10,4,0,0,0,87451.05,6,8519414.31,26235.31,33416.38,59651.7,45201.5,9057.83,0.0,0.0,54259.33,5392.37,8524806.68,640012.32,671797.97
2024-10-22,1,22,10,4,0,0,0,85930.42,9,8524806.68,25779.13,32384.44,58163.57,33204.61,9041.44,0.0,0.0,42246.05,15917.52,8540724.19,667779.17,714327.48
2024-10-23,2,23,10,4,0,0,0,52380.65,4,8540724.19,15714.19,56146.62,71860.82,52157.24,11795.52,0.0,0.0,63952.76,7908.05,8548632.25,648299.0,697909.09
2024-10-24,3,24,10,4,0,0,0,113813.69,10,8548632.25,34144.11,45943.76,80087.87,58558.55,7209.13,0.0,0.0,65767.68,14320.19,8562952.43,682024.82,723895.02
2024-10-25,4,25,10,4,0,0,0,87438.99,10,8562952.43,26231.7,42438.15,68669.85,73012.61,10655.17,0.0,0.0,83667.78,-14997.93,8547954.5,700793.96,698589.49
2024-10-26,5,26,10,4,1,0,0,53791.24,7,8547954.5,16137.37,49892.12,66029.5,66943.84,3338.55,0.0,0.0,70282.39,-4252.89,8543701.61,688555.71,644878.38
2024-10-27,6,27,10,4,1,0,0,49439.27,5,8543701.61,14831.78,30087.61,44919.39,45902.64,1882.2,0.0,0.0,47784.84,-2865.45,8540836.15,693075.59,612874.88
2024-10-28,0,28,10,4,0,0,0,125069.86,9,8540836.15,37520.96,39125.72,76646.68,23790.29,4133.6,0.0,0.0,27923.89,48722.79,8589558.94,741498.77,673592.0
2024-10-29,1,29,10,4,0,0,0,115345.38,10,8589558.94,34603.61,60743.42,95347.04,41133.49,8348.18,0.0,0.0,49481.67,45865.37,8635424.31,761497.11,679756.15
2024-10-30,2,30,10,4,0,0,0,116269.07,13,8635424.31,34880.72,53113.89,87994.62,30131.52,9917.23,0.0,0.0,40048.75,47945.86,8683370.17,789771.57,704122.66
2024-10-31,3,31,10,4,0,1,0,117312.65,15,8683370.17,35193.79,43013.24,78207.04,46236.61,4968.43,0.0,0.0,51205.04,27002.0,8710372.17,828877.18,725877.5
2024-11-01,4,1,11,4,0,0,0,57665.96,5,8710372.17,17299.79,89344.14,106643.93,25734.9,9607.36,200479.12,0.0,235821.38,-129177.46,8581194.72,779899.21,783542.04
2024-11-02,5,2,11,4,1,0,0,53582.23,7,8581194.72,16074.67,69680.8,85755.47,24229.98,1244.8,45171.83,0.0,70646.6,15108.87,8596303.59,747725.97,768965.43
2024-11-03,6,3,11,4,1,0,0,42426.57,3,8596303.59,12727.97,70970.7,83698.67,28828.53,1887.8,0.0,0.0,30716.33,52982.34,8649285.92,706453.88,750618.35
2024-11-04,0,4,11,4,0,0,0,146313.41,13,8649285.92,43894.02,54377.86,98271.88,44415.08,8075.28,0.0,0.0,52490.36,45781.53,8695067.45,754495.41,792417.19
2024-11-05,1,5,11,4,0,0,0,51123.12,6,8695067.45,15336.94,55123.82,70460.75,37473.55,11255.41,0.0,66098.86,114827.82,-44367.07,8650700.38,735157.78,821256.34
2024-11-06,2,6,11,4,0,0,0,119688.88,9,8650700.38,35906.66,42367.15,78273.82,51101.69,11102.38,0.0,0.0,62204.07,16069.75,8666770.13,776572.84,831280.74
2024-11-07,3,7,11,4,0,0,0,115613.36,12,8666770.13,34684.01,57611.57,92295.57,38541.26,3010.01,0.0,0.0,41551.26,50744.31,8717514.44,799890.63,882771.8
2024-11-08,4,8,11,4,0,0,0,66900.96,5,8717514.44,20070.29,56284.43,76354.72,51123.51,3146.19,0.0,0.0,54269.7,22085.01,8739599.46,790436.87,900215.96
2024-11-09,5,9,11,4,1,0,0,30882.39,4,8739599.46,9264.72,54084.65,63349.37,39809.58,1403.73,0.0,0.0,41213.3,22136.06,8761735.52,757969.89,870972.17
2024-11-10,6,10,11,4,1,0,0,49931.94,4,8761735.52,14979.58,60845.6,75825.18,54225.36,2206.08,0.0,0.0,56431.44,19393.74,8781129.26,732076.64,828244.69
2024-11-11,0,11,11,4,0,0,0,126605.97,14,8781129.26,37981.79,36708.92,74690.71,89824.59,6209.37,0.0,0.0,96033.96,-21343.25,8759786.01,783991.9,763422.21
2024-11-12,1,12,11,4,0,0,0,45120.36,4,8759786.01,13536.11,50249.26,63785.37,104130.69,8091.7,0.0,0.0,112222.39,-48437.03,8711348.99,765326.9,742808.14
2024-11-13,2,13,11,4,0,0,0,52787.24,6,8711348.99,15836.17,49705.06,65541.23,43098.91,6498.54,0.0,0.0,49597.45,15943.79,8727292.77,752572.9,750832.79
2024-11-14,3,14,11,4,0,0,0,53840.06,5,8727292.77,16152.02,41565.15,57717.17,29011.03,11886.03,0.0,0.0,40897.05,16820.11,8744112.89,748695.8,753466.09
2024-11-15,4,15,11,4,0,0,0,100261.38,10,8744112.89,30078.41,98193.05,128271.46,45147.65,10312.26,0.0,0.0,55459.91,72811.55,8816924.44,720685.71,801763.81
2024-11-16,5,16,11,4,1,0,0,30215.4,3,8816924.44,9064.62,66596.92,75661.53,46602.88,1945.72,0.0,0.0,48548.6,27112.94,8844037.38,675239.57,766886.0
2024-11-17,6,17,11,4,1,0,0,42464.86,3,8844037.38,12739.46,50907.53,63646.99,44900.3,3101.83,0.0,0.0,48002.13,15644.86,8859682.24,654057.44,732770.63
2024-11-18,0,18,11,4,0,0,0,136491.31,19,8859682.24,40947.39,71959.76,112907.16,44250.31,4679.76,0.0,0.0,48930.07,63977.09,8923659.33,677641.6,763724.95
2024-11-19,1,19,11,4,0,0,0,73982.52,9,8923659.33,22194.76,67365.83,89560.59,53192.31,4766.21,0.0,0.0,57958.52,31602.07,8955261.4,662063.53,777958.68
2024-11-20,2,20,11,4,0,0,0,146119.74,19,8955261.4,43835.92,54203.58,98039.5,44653.5,7872.37,0.0,0.0,52525.87,45513.63,9000775.03,710143.77,791201.44
2024-11-21,3,21,11,4,0,0,0,49809.11,4,9000775.03,14942.73,32943.85,47886.59,44342.22,5103.67,0.0,0.0,49445.88,-1559.29,8999215.73,712066.29,812118.37
2024-11-22,4,22,11,4,0,0,0,130882.17,14,8999215.73,39264.65,33484.01,72748.66,50166.58,5270.81,0.0,0.0,55437.38,17311.27,9016527.01,770199.81,821198.23
2024-11-23,5,23,11,4,1,0,0,41761.42,4,9016527.01,12528.43,60690.87,73219.3,44489.09,3190.67,0.0,0.0,47679.75,25539.54,9042066.55,738741.93,789808.39
2024-11-24,6,24,11,4,1,0,0,42786.21,4,9042066.55,12835.86,45081.7,57917.56,83276.0,2669.39,0.0,0.0,85945.4,-28027.83,9014038.71,723610.58,713431.75
2024-11-25,0,25,11,4,0,0,0,140579.79,11,9014038.71,42173.94,33568.98,75742.92,44160.75,9898.75,0.0,0.0,54059.5,21683.43,9035722.14,788447.45,715980.4
2024-11-26,1,26,11,4,0,0,0,78956.17,7,9035722.14,23686.85,56551.4,80238.25,83311.62,7087.65,0.0,0.0,90399.27,-10161.02,9025561.12,787165.37,684889.47
2024-11-27,2,27,11,4,0,0,0,143065.05,14,9025561.12,42919.52,44396.75,87316.26,38337.16,11723.9,0.0,0.0,50061.06,37255.2,9062816.32,842914.16,679833.06
2024-11-28,3,28,11,4,0,0,0,50341.41,3,9062816.32,15102.42,47044.61,62147.03,26978.91,8922.92,0.0,0.0,35901.83,26245.2,9089061.52,831108.54,712636.95
2024-11-29,4,29,11,4,0,0,0,91747.32,9,9089061.52,27524.2,48517.26,76041.45,26479.89,10949.46,0.0,0.0,37429.35,38612.1,9127673.62,846814.41,738705.47
2024-11-30,5,30,11,4,1,1,0,33272.79,2,9127673.62,9981.84,57764.22,67746.05,41842.18,1184.34,0.0,0.0,43026.52,24719.53,9152393.15,812341.15,706283.63
2024-12-01,6,1,12,4,1,0,0,54018.9,4,9152393.15,16205.67,89709.13,105914.8,25991.15,2432.25,216108.4,0.0,244531.81,-138617.01,9013776.14,760445.25,694838.13
2024-12-02,0,2,12,4,0,0,0,86405.31,10,9013776.14,25921.59,70302.22,96223.82,33272.99,4463.95,54687.31,0.0,92424.25,3799.57,9017575.71,750626.74,695284.29
2024-12-03,1,3,12,4,0,0,0,49972.56,5,9017575.71,14991.77,78051.23,93043.0,49384.42,8192.83,0.0,0.0,57577.25,35465.75,9053041.46,707556.3,711821.92
2024-12-04,2,4,12,4,0,0,0,129070.01,13,9053041.46,38721.0,78655.79,117376.79,39068.78,11172.17,0.0,0.0,50240.95,67135.84,9120177.3,719249.52,703203.65
2024-12-05,3,5,12,4,0,0,0,75234.62,5,9120177.3,22570.38,56490.23,79060.61,34944.54,8361.12,0.0,61209.23,104514.89,-25454.27,9094723.03,715423.53,703671.0
2024-12-06,4,6,12,4,0,0,0,123982.95,10,9094723.03,37194.88,50912.32,88107.21,26088.66,7291.55,0.0,0.0,33380.21,54727.0,9149450.03,751299.27,759537.5
2024-12-07,5,7,12,4,1,0,0,49824.48,3,9149450.03,14947.35,56084.87,71032.21,51897.05,1373.04,0.0,0.0,53270.09,17762.13,9167212.15,730091.54,715411.14
2024-12-08,6,8,12,4,1,0,0,55160.26,5,9167212.15,16548.08,36195.29,52743.37,23001.48,2216.27,0.0,0.0,25217.74,27525.63,9194737.78,732508.43,704630.33
2024-12-09,0,9,12,4,0,0,0,105443.56,7,9194737.78,31633.07,62439.31,94072.38,38211.36,10287.08,0.0,0.0,48498.44,45573.94,9240311.72,743879.6,737636.2
2024-12-10,1,10,12,4,0,0,0,46094.53,5,9240311.72,13828.36,61549.02,75377.38,86567.16,5523.01,0.0,0.0,92090.17,-16712.79,9223598.93,714596.75,681990.63
2024-12-11,2,11,12,4,0,0,0,90484.66,6,9223598.93,27145.4,51155.72,78301.12,42472.23,8395.15,0.0,0.0,50867.38,27433.74,9251032.67,726780.3,690708.84
2024-12-12,3,12,12,4,0,0,0,84466.63,6,9251032.67,25339.99,38236.97,63576.96,42889.48,10384.39,0.0,0.0,53273.87,10303.1,9261335.77,747669.96,703246.55
2024-12-13,4,13,12,4,0,0,0,106225.05,9,9261335.77,31867.51,44491.51,76359.03,40874.89,10433.39,0.0,0.0,51308.28,25050.75,9286386.52,777535.99,742356.77
2024-12-14,5,14,12,4,1,0,0,48165.21,4,9286386.52,14449.56,51873.47,66323.03,51340.73,2623.34,0.0,0.0,53964.07,12358.97,9298745.48,759378.16,700157.45
2024-12-15,6,15,12,4,1,0,0,27018.29,2,9298745.48,8105.49,80974.68,89080.16,26582.07,1178.76,0.0,0.0,27760.84,61319.33,9360064.81,697316.28,684291.45
2024-12-16,0,16,12,4,0,0,0,124892.3,12,9360064.81,37467.69,76510.42,113978.11,41072.46,3720.95,0.0,0.0,44793.41,69184.71,9429249.51,708230.47,683809.62
2024-12-17,1,17,12,4,0,0,0,61107.72,6,9429249.51,18332.32,56930.29,75262.6,32860.72,3460.35,0.0,0.0,36321.07,38941.53,9468191.05,694075.59,689856.61
2024-12-18,2,18,12,4,0,0,0,98118.92,9,9468191.05,29435.67,72409.33,101845.01,47113.3,4307.94,0.0,0.0,51421.24,50423.76,9518614.81,690349.5,694059.71
2024-12-19,3,19,12,4,0,0,0,50341.9,4,9518614.81,15102.57,49741.99,64844.56,39928.68,10902.3,0.0,0.0,50830.98,14013.58,9532628.39,675846.84,718584.31
2024-12-20,4,20,12,4,0,0,0,145727.8,13,9532628.39,43718.34,52206.97,95925.31,23832.21,4667.49,0.0,0.0,28499.71,67425.6,9600053.99,725649.33,726490.12
2024-12-21,5,21,12,4,1,0,0,42958.96,5,9600053.99,12887.69,31606.81,44494.5,47188.59,1889.84,0.0,0.0,49078.42,-4583.93,9595470.06,724113.79,693761.24
2024-12-22,6,22,12,4,1,0,0,25120.77,2,9595470.06,7536.23,33434.11,40970.34,35519.43,1737.54,0.0,0.0,37256.97,3713.37,9599183.43,708264.21,664474.66
2024-12-23,0,23,12,4,0,0,0,148884.94,13,9599183.43,44665.48,54739.11,99404.6,26945.11,6439.26,0.0,0.0,33384.36,66020.23,9665203.67,757744.56,727771.97
2024-12-24,1,24,12,4,0,0,0,51905.54,4,9665203.67,15571.66,31896.14,47467.81,80055.0,6697.1,0.0,0.0,86752.1,-39284.29,9625919.38,762182.29,718809.33
2024-12-25,2,25,12,4,0,0,0,87890.82,6,9625919.38,26367.25,33739.16,60106.4,51188.25,3885.82,0.0,0.0,55074.07,5032.33,9630951.71,789966.71,715677.88
2024-12-26,3,26,12,4,0,0,0,107431.97,13,9630951.71,32229.59,59823.2,92052.79,62747.18,5132.32,0.0,0.0,67879.5,24173.29,9655125.0,805345.89,699611.95
2024-12-27,4,27,12,4,0,0,0,62772.11,4,9655125.0,18831.63,61064.17,79895.8,40007.31,7275.81,0.0,0.0,47283.12,32612.68,9687737.68,788222.2,731185.91
2024-12-28,5,28,12,4,1,0,0,21477.56,2,9687737.68,6443.27,41146.04,47589.3,45340.51,3977.54,0.0,0.0,49318.06,-1728.75,9686008.93,762110.46,694344.78
2024-12-29,6,29,12,4,1,0,0,51536.53,3,9686008.93,15460.96,58447.1,73908.06,32254.47,2229.02,0.0,0.0,34483.49,39424.57,9725433.49,739738.92,669336.88
2024-12-30,0,30,12,4,0,0,0,62969.76,5,9725433.49,18890.93,56408.48,75299.41,42489.88,6780.1,0.0,0.0,49269.98,26029.43,9751462.92,727409.28,674822.75
